onset	duration	nwb_table	trial_type
1.803766666666668	0.27863333333333173	trials	phototagging
2.3623666666666665	0.2275333333333336	trials	phototagging
3.6417000000000073	0.10016666666666652	trials	phototagging
4.643233333333335	0.10013333333333208	trials	phototagging
5.644766666666662	0.10013333333334629	trials	phototagging
6.646266666666669	0.10016666666666652	trials	phototagging
7.647799999999997	0.10016666666666652	trials	phototagging
8.649333333333338	0.10013333333333208	trials	phototagging
9.650866666666666	0.10013333333333208	trials	phototagging
10.652366666666673	0.10016666666666652	trials	phototagging
11.6539	0.10013333333333208	trials	phototagging
12.655433333333342	0.10013333333333208	trials	phototagging
13.656933333333335	0.10016666666666652	trials	phototagging
14.658466666666662	0.10016666666666652	trials	phototagging
25.675266666666666	0.005000000000009663	trials	phototagging
25.68526666666667	0.0049999999999954525	trials	phototagging
25.69526666666666	0.005033333333344103	trials	phototagging
25.7053	0.0049999999999954525	trials	phototagging
25.715300000000006	0.005033333333329892	trials	phototagging
25.72533333333333	0.005000000000009663	trials	phototagging
25.735333333333337	0.0049999999999954525	trials	phototagging
25.745366666666662	0.005000000000009663	trials	phototagging
25.755366666666667	0.005033333333329892	trials	phototagging
25.765400000000007	0.0049999999999954525	trials	phototagging
25.775399999999998	0.005000000000009663	trials	phototagging
25.785400000000003	0.005033333333329892	trials	phototagging
25.795433333333328	0.005000000000009663	trials	phototagging
25.805466666666668	0.0049999999999954525	trials	phototagging
25.815466666666673	0.0049999999999954525	trials	phototagging
25.825466666666664	0.005033333333344103	trials	phototagging
25.835500000000003	0.0049999999999954525	trials	phototagging
25.84553333333333	0.005000000000009663	trials	phototagging
25.855533333333334	0.0049999999999954525	trials	phototagging
25.86553333333334	0.005033333333329892	trials	phototagging
25.875566666666664	0.005000000000009663	trials	phototagging
25.88556666666667	0.0049999999999954525	trials	phototagging
25.895599999999995	0.005000000000009663	trials	phototagging
25.9056	0.0049999999999954525	trials	phototagging
25.91563333333334	0.0049999999999954525	trials	phototagging
25.92563333333333	0.005000000000009663	trials	phototagging
25.935633333333335	0.005033333333329892	trials	phototagging
25.945666666666675	0.0049999999999954525	trials	phototagging
25.955666666666666	0.005033333333329892	trials	phototagging
25.965700000000005	0.0049999999999954525	trials	phototagging
35.99096666666667	0.009999999999990905	trials	phototagging
36.091100000000004	0.010033333333325345	trials	phototagging
36.19126666666667	0.009999999999990905	trials	phototagging
36.29143333333334	0.009999999999990905	trials	phototagging
36.39156666666667	0.010033333333325345	trials	phototagging
36.491733333333336	0.010000000000005116	trials	phototagging
36.59186666666667	0.010033333333339556	trials	phototagging
36.692033333333335	0.010000000000005116	trials	phototagging
36.79216666666667	0.010033333333339556	trials	phototagging
36.89233333333333	0.010000000000005116	trials	phototagging
36.9925	0.010000000000005116	trials	phototagging
37.09263333333333	0.010000000000005116	trials	phototagging
37.1928	0.010000000000005116	trials	phototagging
37.29293333333333	0.010033333333339556	trials	phototagging
37.3931	0.010000000000005116	trials	phototagging
37.49323333333333	0.010033333333339556	trials	phototagging
37.593399999999995	0.010000000000005116	trials	phototagging
37.69356666666666	0.010000000000005116	trials	phototagging
37.79370000000001	0.010033333333325345	trials	phototagging
37.893866666666675	0.009999999999990905	trials	phototagging
37.99400000000001	0.010033333333325345	trials	phototagging
38.09416666666667	0.009999999999990905	trials	phototagging
38.19433333333334	0.009999999999990905	trials	phototagging
38.29446666666667	0.009999999999990905	trials	phototagging
38.39463333333334	0.009999999999990905	trials	phototagging
38.49476666666667	0.010033333333325345	trials	phototagging
38.59493333333334	0.009999999999990905	trials	phototagging
38.695100000000004	0.009999999999990905	trials	phototagging
38.795233333333336	0.010000000000005116	trials	phototagging
38.8954	0.010000000000005116	trials	phototagging
49.010799999999996	0.005000000000009663	trials	phototagging
50.0123	0.005033333333329892	trials	phototagging
51.01383333333333	0.005000000000009663	trials	phototagging
52.01536666666667	0.0049999999999954525	trials	phototagging
53.0169	0.0049999999999954525	trials	phototagging
54.01843333333334	0.0049999999999954525	trials	phototagging
55.019933333333334	0.0049999999999954525	trials	phototagging
56.02146666666666	0.005000000000009663	trials	phototagging
57.023	0.0049999999999954525	trials	phototagging
58.02453333333333	0.005000000000009663	trials	phototagging
59.02603333333334	0.005033333333329892	trials	phototagging
60.027566666666665	0.005000000000009663	trials	phototagging
61.02910000000001	0.0049999999999954525	trials	phototagging
62.030633333333334	0.0049999999999954525	trials	phototagging
63.03213333333334	0.005033333333329892	trials	phototagging
64.03366666666668	0.0049999999999954525	trials	phototagging
65.0352	0.0049999999999954525	trials	phototagging
66.03673333333333	0.0049999999999954525	trials	phototagging
67.03826666666666	0.004966666666689434	trials	phototagging
68.03976666666665	0.005000000000023874	trials	phototagging
69.0413	0.0049999999999954525	trials	phototagging
70.04283333333333	0.0049999999999954525	trials	phototagging
71.04433333333333	0.005033333333329892	trials	phototagging
72.04586666666665	0.005033333333329892	trials	phototagging
73.04739999999998	0.005000000000023874	trials	phototagging
74.04893333333334	0.0049999999999954525	trials	phototagging
75.05046666666667	0.0049999999999954525	trials	phototagging
76.05196666666666	0.005033333333329892	trials	phototagging
77.05349999999999	0.0049999999999954525	trials	phototagging
78.05503333333334	0.0049999999999954525	trials	phototagging
79.11240000000001	5.009999999999991	trials	port_entry
84.4924	0.10999999999998522	trials	port_entry
84.90236666666667	0.24006666666664955	trials	port_entry
89.0718	0.0049999999999954525	trials	phototagging
90.07333333333332	0.0049999999999954525	trials	phototagging
91.07486666666665	0.005000000000023874	trials	phototagging
92.07636666666667	0.005033333333329892	trials	phototagging
93.0779	0.005033333333329892	trials	phototagging
94.07943333333333	0.0049999999999954525	trials	phototagging
95.08096666666665	0.0049999999999954525	trials	phototagging
96.08249999999998	0.005000000000023874	trials	phototagging
97.084	0.005033333333329892	trials	phototagging
98.08553333333333	0.0049999999999954525	trials	phototagging
99.08706666666666	0.0049999999999954525	trials	phototagging
100.08859999999999	0.0049999999999954525	trials	phototagging
101.0901	0.005033333333329892	trials	phototagging
102.09163333333333	0.0049999999999954525	trials	phototagging
103.09316666666666	0.0049999999999954525	trials	phototagging
104.09469999999999	0.0049999999999954525	trials	phototagging
105.09619999999998	0.005033333333358314	trials	phototagging
106.09773333333334	0.0049999999999954525	trials	phototagging
107.09926666666667	0.0049999999999954525	trials	phototagging
108.10079999999999	0.0049999999999954525	trials	phototagging
109.10233333333332	0.0049999999999954525	trials	phototagging
110.10383333333334	0.0049999999999954525	trials	phototagging
111.10536666666667	0.0049999999999954525	trials	phototagging
112.1069	0.0049999999999954525	trials	phototagging
113.10843333333332	0.0049999999999954525	trials	phototagging
114.10993333333332	0.005033333333358314	trials	phototagging
115.11146666666667	0.0049999999999954525	trials	phototagging
116.113	0.0049999999999954525	trials	phototagging
117.11453333333333	0.0049999999999954525	trials	phototagging
118.11606666666665	0.0049999999999954525	trials	phototagging
129.13283333333334	0.009999999999990905	trials	phototagging
129.23296666666667	0.010033333333325345	trials	phototagging
129.33313333333334	0.010033333333325345	trials	phototagging
129.4333	0.009999999999990905	trials	phototagging
129.53343333333333	0.010033333333325345	trials	phototagging
129.6336	0.009999999999990905	trials	phototagging
129.73373333333333	0.010033333333325345	trials	phototagging
129.8339	0.009999999999990905	trials	phototagging
129.93406666666667	0.009999999999990905	trials	phototagging
130.0342	0.009999999999990905	trials	phototagging
130.13436666666666	0.009999999999990905	trials	phototagging
130.2345	0.010033333333325345	trials	phototagging
130.33466666666666	0.009999999999990905	trials	phototagging
130.4348	0.010033333333325345	trials	phototagging
130.53496666666666	0.009999999999990905	trials	phototagging
130.63513333333333	0.009999999999990905	trials	phototagging
130.73526666666666	0.010033333333325345	trials	phototagging
130.83543333333333	0.009999999999990905	trials	phototagging
130.93556666666666	0.010033333333325345	trials	phototagging
131.03573333333333	0.009999999999990905	trials	phototagging
131.1359	0.009999999999990905	trials	phototagging
131.23603333333332	0.009999999999990905	trials	phototagging
131.3362	0.009999999999990905	trials	phototagging
131.43633333333332	0.010033333333325345	trials	phototagging
131.5365	0.009999999999990905	trials	phototagging
131.63666666666666	0.009999999999990905	trials	phototagging
131.7368	0.010000000000019327	trials	phototagging
131.83696666666665	0.010000000000019327	trials	phototagging
131.9371	0.010033333333353767	trials	phototagging
132.03726666666665	0.010000000000019327	trials	phototagging
142.15266666666665	0.005000000000023874	trials	phototagging
143.1542	0.0049999999999954525	trials	phototagging
144.15573333333333	0.0049999999999954525	trials	phototagging
145.15723333333332	0.0049999999999954525	trials	phototagging
146.01246666666665	0.4900000000000091	trials	port_entry
146.15876666666665	0.005000000000023874	trials	phototagging
146.52243333333334	1.7400333333333151	trials	port_entry
147.1603	0.0049999999999954525	trials	phototagging
148.1618	0.005033333333329892	trials	phototagging
149.16333333333333	0.005033333333329892	trials	phototagging
150.16486666666665	0.0049999999999954525	trials	phototagging
151.16639999999998	0.005000000000023874	trials	phototagging
152.16793333333334	0.0049999999999954525	trials	phototagging
153.16943333333333	0.005033333333329892	trials	phototagging
154.17096666666666	0.005033333333329892	trials	phototagging
155.17249999999999	0.0049999999999954525	trials	phototagging
156.17403333333334	0.0049999999999954525	trials	phototagging
157.17556666666667	0.0049999999999954525	trials	phototagging
158.17706666666666	0.005033333333329892	trials	phototagging
159.1786	0.0049999999999954525	trials	phototagging
160.18013333333332	0.005000000000023874	trials	phototagging
161.18166666666667	0.0049999999999954525	trials	phototagging
162.18316666666666	0.005033333333329892	trials	phototagging
163.1847	0.0049999999999954525	trials	phototagging
164.18623333333332	0.0049999999999954525	trials	phototagging
165.18776666666665	0.005000000000023874	trials	phototagging
166.18926666666667	0.005033333333329892	trials	phototagging
167.1908	0.005033333333329892	trials	phototagging
168.19233333333332	0.0049999999999954525	trials	phototagging
169.19386666666665	0.005000000000023874	trials	phototagging
170.1954	0.0049999999999954525	trials	phototagging
171.1969	0.0049999999999954525	trials	phototagging
182.2137	0.0049999999999954525	trials	phototagging
182.2237	0.005033333333329892	trials	phototagging
182.23373333333333	0.0049999999999954525	trials	phototagging
182.24376666666666	0.004966666666661013	trials	phototagging
182.25376666666665	0.005000000000023874	trials	phototagging
182.26376666666667	0.0049999999999954525	trials	phototagging
182.2738	0.0049999999999954525	trials	phototagging
182.28379999999999	0.0049999999999954525	trials	phototagging
182.29383333333334	0.0049999999999954525	trials	phototagging
182.30383333333333	0.0049999999999954525	trials	phototagging
182.31386666666666	0.0049999999999954525	trials	phototagging
182.32386666666667	0.0049999999999954525	trials	phototagging
182.33386666666667	0.005033333333329892	trials	phototagging
182.3439	0.0049999999999954525	trials	phototagging
182.35389999999998	0.005000000000023874	trials	phototagging
182.36393333333334	0.0049999999999954525	trials	phototagging
182.37393333333333	0.005033333333329892	trials	phototagging
182.38396666666665	0.0049999999999954525	trials	phototagging
182.39396666666667	0.0049999999999954525	trials	phototagging
182.404	0.0049999999999954525	trials	phototagging
182.414	0.0049999999999954525	trials	phototagging
182.42403333333334	0.0049999999999954525	trials	phototagging
182.43403333333333	0.0049999999999954525	trials	phototagging
182.44406666666666	0.0049999999999954525	trials	phototagging
182.45406666666665	0.005000000000023874	trials	phototagging
182.4641	0.0049999999999954525	trials	phototagging
182.4741	0.0049999999999954525	trials	phototagging
182.48413333333332	0.0049999999999954525	trials	phototagging
182.49413333333334	0.0049999999999954525	trials	phototagging
182.50413333333333	0.0049999999999954525	trials	phototagging
192.52939999999998	0.010033333333353767	trials	phototagging
192.62956666666665	0.010033333333353767	trials	phototagging
192.72973333333331	0.010000000000019327	trials	phototagging
192.82986666666667	0.010033333333325345	trials	phototagging
192.93003333333334	0.009999999999990905	trials	phototagging
193.03016666666667	0.010033333333325345	trials	phototagging
193.13033333333334	0.010033333333325345	trials	phototagging
193.2305	0.009999999999990905	trials	phototagging
193.33063333333334	0.010033333333325345	trials	phototagging
193.4308	0.009999999999990905	trials	phototagging
193.53093333333334	0.010033333333325345	trials	phototagging
193.6311	0.009999999999990905	trials	phototagging
193.73123333333334	0.010033333333325345	trials	phototagging
193.8314	0.010033333333325345	trials	phototagging
193.93156666666667	0.009999999999990905	trials	phototagging
194.0317	0.010033333333325345	trials	phototagging
194.13186666666667	0.009999999999990905	trials	phototagging
194.232	0.010033333333325345	trials	phototagging
194.33216666666667	0.009999999999990905	trials	phototagging
194.43233333333333	0.009999999999990905	trials	phototagging
194.53246666666666	0.009999999999990905	trials	phototagging
194.63263333333333	0.009999999999990905	trials	phototagging
194.73276666666666	0.010033333333325345	trials	phototagging
194.83293333333333	0.009999999999990905	trials	phototagging
194.93306666666666	0.010033333333325345	trials	phototagging
195.03323333333333	0.009999999999990905	trials	phototagging
195.13336666666666	0.010033333333325345	trials	phototagging
195.23353333333333	0.010033333333325345	trials	phototagging
195.3337	0.009999999999990905	trials	phototagging
195.43383333333335	0.010033333333296923	trials	phototagging
205.54926666666668	0.10013333333330365	trials	phototagging
206.55076666666665	0.10016666666666652	trials	phototagging
207.55229999999997	0.10016666666666652	trials	phototagging
208.5538333333333	0.1001333333333605	trials	phototagging
209.55536666666669	0.10013333333330365	trials	phototagging
210.5569	0.10013333333330365	trials	phototagging
211.55839999999998	0.10016666666666652	trials	phototagging
212.5599333333333	0.10016666666666652	trials	phototagging
213.5614666666667	0.10013333333330365	trials	phototagging
214.56300000000002	0.10013333333330365	trials	phototagging
215.56449999999998	0.10016666666666652	trials	phototagging
216.5660333333333	0.10016666666666652	trials	phototagging
227.58283333333335	0.0049999999999954525	trials	phototagging
227.59283333333335	0.0049999999999954525	trials	phototagging
227.60286666666664	0.0049999999999954525	trials	phototagging
227.61286666666663	0.005000000000052296	trials	phototagging
227.6229	0.0049999999999954525	trials	phototagging
227.63289999999998	0.0049999999999954525	trials	phototagging
227.64289999999997	0.005033333333358314	trials	phototagging
227.65293333333332	0.0049999999999954525	trials	phototagging
227.6629333333333	0.005033333333358314	trials	phototagging
227.67296666666667	0.0049999999999954525	trials	phototagging
227.68296666666666	0.005033333333358314	trials	phototagging
227.693	0.0049999999999954525	trials	phototagging
227.703	0.0049999999999954525	trials	phototagging
227.7130333333333	0.005000000000052296	trials	phototagging
227.72303333333335	0.005033333333301471	trials	phototagging
227.73306666666664	0.0049999999999954525	trials	phototagging
227.74306666666664	0.005000000000052296	trials	phototagging
227.7531	0.0049999999999954525	trials	phototagging
227.76309999999998	0.0049999999999954525	trials	phototagging
227.77313333333333	0.0049999999999954525	trials	phototagging
227.78313333333332	0.0049999999999954525	trials	phototagging
227.79313333333332	0.005033333333358314	trials	phototagging
227.80316666666667	0.0049999999999954525	trials	phototagging
227.81316666666666	0.005033333333358314	trials	phototagging
227.8232	0.0049999999999954525	trials	phototagging
227.8332	0.005033333333301471	trials	phototagging
227.8432333333333	0.005000000000052296	trials	phototagging
227.85323333333335	0.0049999999999954525	trials	phototagging
227.86326666666665	0.0049999999999954525	trials	phototagging
227.87326666666664	0.0049999999999954525	trials	phototagging
237.73253333333335	0.3100000000000023	trials	port_entry
237.89853333333335	0.10016666666666652	trials	phototagging
238.0925	0.500033333333306	trials	port_entry
238.90006666666667	0.10016666666666652	trials	phototagging
239.9016	0.10016666666666652	trials	phototagging
240.90313333333333	0.10013333333330365	trials	phototagging
241.90466666666666	0.1001333333333605	trials	phototagging
242.90616666666668	0.10016666666666652	trials	phototagging
243.9077	0.10016666666666652	trials	phototagging
244.90923333333333	0.10013333333330365	trials	phototagging
245.91073333333335	0.10016666666666652	trials	phototagging
246.91226666666668	0.10016666666666652	trials	phototagging
247.9138	0.10016666666666652	trials	phototagging
248.91533333333334	0.10013333333330365	trials	phototagging
256.83253333333334	0.12000000000000455	trials	port_entry
256.9825333333334	0.060000000000002274	trials	port_entry
257.12253333333337	0.37999999999999545	trials	port_entry
257.69253333333336	0.37000000000000455	trials	port_entry
259.93213333333335	0.009999999999990905	trials	phototagging
260.0322666666667	0.009999999999990905	trials	phototagging
260.1324333333334	0.009999999999990905	trials	phototagging
260.2325666666667	0.010033333333353767	trials	phototagging
260.33273333333335	0.009999999999990905	trials	phototagging
260.4328666666667	0.010033333333296923	trials	phototagging
260.5330333333334	0.009999999999990905	trials	phototagging
260.63320000000004	0.009999999999990905	trials	phototagging
260.73333333333335	0.010033333333353767	trials	phototagging
260.8335	0.009999999999990905	trials	phototagging
260.9336333333334	0.010033333333296923	trials	phototagging
261.03380000000004	0.009999999999990905	trials	phototagging
261.13393333333335	0.010033333333353767	trials	phototagging
261.2341	0.009999999999990905	trials	phototagging
261.3342666666667	0.009999999999990905	trials	phototagging
261.43440000000004	0.010033333333296923	trials	phototagging
261.5345666666667	0.009999999999990905	trials	phototagging
261.6347	0.010033333333353767	trials	phototagging
261.7325333333334	0.029999999999972715	trials	port_entry
261.7348666666667	0.009999999999990905	trials	phototagging
261.83500000000004	0.010033333333296923	trials	phototagging
261.9351666666667	0.010033333333296923	trials	phototagging
262.03533333333337	0.009999999999990905	trials	phototagging
262.1354666666667	0.010033333333353767	trials	phototagging
262.23563333333334	0.009999999999990905	trials	phototagging
262.3357666666667	0.010033333333296923	trials	phototagging
262.43593333333337	0.009999999999990905	trials	phototagging
262.53610000000003	0.009999999999990905	trials	phototagging
262.63623333333334	0.010000000000047748	trials	phototagging
262.7364	0.010000000000047748	trials	phototagging
262.83653333333336	0.010033333333353767	trials	phototagging
272.9519666666667	0.0049999999999954525	trials	phototagging
273.9535	0.0049999999999954525	trials	phototagging
274.95500000000004	0.005033333333301471	trials	phototagging
275.95653333333337	0.0049999999999954525	trials	phototagging
276.9580666666667	0.0049999999999954525	trials	phototagging
277.9596	0.0049999999999954525	trials	phototagging
278.96110000000004	0.005033333333301471	trials	phototagging
279.9626333333334	0.005033333333301471	trials	phototagging
280.9641666666667	0.0049999999999954525	trials	phototagging
281.9657	0.0049999999999954525	trials	phototagging
282.96723333333335	0.0049999999999954525	trials	phototagging
283.9687333333334	0.005033333333301471	trials	phototagging
284.9702666666667	0.0049999999999954525	trials	phototagging
285.97180000000003	0.0049999999999954525	trials	phototagging
286.8525	0.07003333333335604	trials	port_entry
286.97333333333336	0.0049999999999954525	trials	phototagging
287.22253333333333	0.030033333333335577	trials	port_entry
287.9748666666667	0.0049999999999954525	trials	phototagging
288.7325333333334	0.12999999999999545	trials	port_entry
288.9763666666667	0.005033333333301471	trials	phototagging
289.97790000000003	0.0049999999999954525	trials	phototagging
290.4925666666667	5.560000000000002	trials	reward_stimulus_presentation
290.97943333333336	0.0049999999999954525	trials	phototagging
291.49253333333337	0.8000000000000114	trials	reward_delivery
291.9809666666667	0.0049999999999954525	trials	phototagging
292.9825	0.0049999999999954525	trials	phototagging
293.98400000000004	0.005033333333301471	trials	phototagging
294.98553333333336	0.0049999999999954525	trials	phototagging
295.65253333333334	0.060033333333365135	trials	port_entry
295.94253333333336	0.16003333333333103	trials	port_entry
295.9870666666667	0.0049999999999954525	trials	phototagging
296.21253333333334	0.15003333333334012	trials	port_entry
296.40253333333334	1.6100333333333765	trials	port_entry
296.9886	0.0049999999999954525	trials	phototagging
297.99010000000004	0.005033333333301471	trials	phototagging
298.1825666666667	0.6299999999999955	trials	port_entry
298.9916666666667	0.0049999999999954525	trials	phototagging
299.9931666666667	0.0049999999999954525	trials	phototagging
300.9947	0.0049999999999954525	trials	phototagging
301.99623333333335	0.0049999999999954525	trials	phototagging
311.8425666666667	0.44999999999998863	trials	port_entry
312.5425666666667	0.4900000000000091	trials	port_entry
313.01303333333334	0.0049999999999954525	trials	phototagging
314.01453333333336	0.005033333333301471	trials	phototagging
315.0160666666667	0.0049999999999954525	trials	phototagging
316.0176	0.0049999999999954525	trials	phototagging
317.01913333333334	0.0049999999999954525	trials	phototagging
318.02063333333336	0.005033333333301471	trials	phototagging
319.0221666666667	0.005033333333358314	trials	phototagging
320.0237	0.0049999999999954525	trials	phototagging
321.02523333333335	0.0049999999999954525	trials	phototagging
322.0267666666667	0.0049999999999954525	trials	phototagging
323.0282666666667	0.005033333333301471	trials	phototagging
324.0298	0.0049999999999954525	trials	phototagging
325.03133333333335	0.0049999999999954525	trials	phototagging
326.0328666666667	0.0049999999999954525	trials	phototagging
327.0344	0.0049999999999954525	trials	phototagging
328.03593333333333	0.0049999999999954525	trials	phototagging
329.03743333333335	0.0049999999999954525	trials	phototagging
330.0389666666667	0.0049999999999954525	trials	phototagging
331.0405	0.0049999999999954525	trials	phototagging
332.04203333333334	0.0049999999999954525	trials	phototagging
333.04356666666666	0.005000000000052296	trials	phototagging
334.0450666666667	0.0049999999999954525	trials	phototagging
335.0466	0.0049999999999954525	trials	phototagging
336.04813333333334	0.0049999999999954525	trials	phototagging
337.04966666666667	0.0049999999999954525	trials	phototagging
338.05120000000005	0.0049999999999954525	trials	phototagging
339.0527	0.0049999999999954525	trials	phototagging
340.05423333333334	0.0049999999999954525	trials	phototagging
341.05576666666667	0.0049999999999954525	trials	phototagging
342.0573	0.005000000000052296	trials	phototagging
353.07410000000004	0.009999999999990905	trials	phototagging
353.17423333333335	0.010033333333353767	trials	phototagging
353.2744	0.009999999999990905	trials	phototagging
353.3745333333334	0.010033333333296923	trials	phototagging
353.47470000000004	0.009999999999990905	trials	phototagging
353.57483333333334	0.010033333333353767	trials	phototagging
353.675	0.009999999999990905	trials	phototagging
353.7751666666667	0.009999999999990905	trials	phototagging
353.87530000000004	0.010033333333296923	trials	phototagging
353.9754666666667	0.009999999999990905	trials	phototagging
354.0756	0.010033333333353767	trials	phototagging
354.1757666666667	0.009999999999990905	trials	phototagging
354.27593333333334	0.009999999999990905	trials	phototagging
354.3760666666667	0.009999999999990905	trials	phototagging
354.47623333333337	0.009999999999990905	trials	phototagging
354.5763666666667	0.010033333333353767	trials	phototagging
354.67653333333334	0.009999999999990905	trials	phototagging
354.7767	0.009999999999990905	trials	phototagging
354.87683333333337	0.009999999999990905	trials	phototagging
354.97700000000003	0.009999999999990905	trials	phototagging
355.07713333333334	0.010033333333353767	trials	phototagging
355.1773	0.010000000000047748	trials	phototagging
355.27743333333336	0.010033333333353767	trials	phototagging
355.37760000000003	0.009999999999990905	trials	phototagging
355.4777666666667	0.009999999999990905	trials	phototagging
355.5779	0.010033333333353767	trials	phototagging
355.67806666666667	0.010000000000047748	trials	phototagging
355.7782	0.010033333333353767	trials	phototagging
355.8783666666667	0.009999999999990905	trials	phototagging
355.9785	0.010033333333353767	trials	phototagging
380.4925666666667	2.6900333333333606	trials	reward_stimulus_presentation
381.4925	0.8000000000000114	trials	reward_delivery
382.7826	0.040000000000020464	trials	port_entry
382.9526	0.11000000000001364	trials	port_entry
383.1526	0.12999999999999545	trials	port_entry
383.92260000000005	6.109999999999957	trials	port_entry
443.05263333333335	2.930000000000007	trials	port_entry
468.4926333333334	2.600033333333272	trials	port_entry
470.49266666666665	2.1899666666666917	trials	reward_stimulus_presentation
471.4926333333334	0.7999999999999545	trials	reward_delivery
472.2826666666667	0.2699999999999818	trials	port_entry
472.7926666666667	3.0799999999999272	trials	port_entry
476.5626666666667	1.7899999999999636	trials	port_entry
488.7826666666667	0.6299999999999955	trials	port_entry
490.63266666666664	0.04000000000007731	trials	port_entry
490.6926666666667	2.090000000000032	trials	port_entry
501.48266666666666	0.01999999999998181	trials	port_entry
518.2225666666667	0.21010000000001128	trials	port_entry
518.4726666666667	0.13999999999998636	trials	port_entry
527.7927	0.4699000000000524	trials	port_entry
556.2327	0.32000000000005	trials	port_entry
560.4927	20.0	trials	neutral_stimulus_presentation
611.9627	0.3500333333332719	trials	port_entry
629.0527333333333	0.10000000000002274	trials	port_entry
629.1827333333333	0.12000000000000455	trials	port_entry
629.3427333333334	0.09003333333328101	trials	port_entry
645.4927333333334	8.769999999999982	trials	reward_stimulus_presentation
646.4927333333334	0.7999999999999545	trials	reward_delivery
653.8627333333334	0.11996666666664169	trials	port_entry
654.1927666666667	0.13996666666673718	trials	port_entry
654.3526666666667	3.970100000000002	trials	port_entry
681.2527666666667	0.03999999999996362	trials	port_entry
717.8127666666667	0.09000000000003183	trials	port_entry
718.2728000000001	1.9799333333332925	trials	port_entry
733.3027000000001	0.16003333333333103	trials	port_entry
735.4927	20.001800000000003	trials	shock_stimulus_presentation
746.0628333333334	0.09996666666665988	trials	port_entry
755.2928333333333	0.3000000000000682	trials	shock_relay
810.1928666666666	0.8600000000000136	trials	port_entry
824.7028666666666	0.12000000000000455	trials	port_entry
824.8728	0.09006666666675756	trials	port_entry
830.4929000000001	5.569999999999936	trials	reward_stimulus_presentation
831.4928666666667	0.7999999999999545	trials	reward_delivery
835.6628000000001	0.03006666666658475	trials	port_entry
835.8028666666667	4.180033333333313	trials	port_entry
855.4128666666667	0.13003333333335831	trials	port_entry
856.3229	2.909999999999968	trials	port_entry
885.6029	0.09000000000003183	trials	port_entry
885.9328666666667	0.039966666666714445	trials	port_entry
885.9929000000001	1.9099999999999682	trials	port_entry
920.4929333333333	20.0	trials	neutral_stimulus_presentation
985.3229333333334	1.1700000000000728	trials	port_entry
1000.4929999999999	2.7200000000000273	trials	reward_stimulus_presentation
1001.4929999999999	0.8000000000001819	trials	reward_delivery
1002.8129666666666	0.13003333333335831	trials	port_entry
1002.963	0.4500000000000455	trials	port_entry
1003.4329666666667	0.08003333333317642	trials	port_entry
1003.5331333333334	5.019866666666758	trials	port_entry
1068.9430333333335	2.1299999999998818	trials	port_entry
1071.2330333333334	0.19996666666656893	trials	port_entry
1071.4530333333335	0.049999999999954525	trials	port_entry
1071.7530333333334	0.12999999999988177	trials	port_entry
1090.4930666666667	20.000966666666727	trials	shock_stimulus_presentation
1102.8330666666666	0.13000000000010914	trials	port_entry
1103.0230666666666	2.0499999999999545	trials	port_entry
1110.2930666666666	0.3000000000001819	trials	shock_relay
1114.8930333333333	0.2400000000000091	trials	port_entry
1115.1530333333333	3.75	trials	port_entry
1131.453	0.14003333333334922	trials	port_entry
1131.8830666666668	2.4400333333333037	trials	port_entry
1148.5431	0.1799999999998363	trials	port_entry
1148.7430666666667	0.08999999999991815	trials	port_entry
1149.1530333333333	0.7100333333335129	trials	port_entry
1177.7231	0.07000000000016371	trials	port_entry
1178.6231	0.18003333333331284	trials	port_entry
1180.2231	0.3400000000001455	trials	port_entry
1180.7631333333334	0.28996666666671445	trials	port_entry
1181.0931	0.22000000000002728	trials	port_entry
1181.4531	0.5800333333334038	trials	port_entry
1182.7231	0.2599999999999909	trials	port_entry
1183.3731	0.25	trials	port_entry
1190.4930666666667	3.710066666666762	trials	reward_stimulus_presentation
1191.4930333333334	0.8000666666666802	trials	reward_delivery
1193.8031333333333	0.02996666666672354	trials	port_entry
1194.1630666666667	0.07003333333318551	trials	port_entry
1194.2530333333334	0.1700666666665711	trials	port_entry
1194.4431333333334	4.219933333333302	trials	port_entry
1228.3831333333333	0.6300000000001091	trials	port_entry
1229.4031666666667	0.9600000000000364	trials	port_entry
1230.7131333333334	0.1899999999998272	trials	port_entry
1280.4931	20.000033333333477	trials	neutral_stimulus_presentation
1348.1431	0.7201333333332514	trials	port_entry
1348.9732333333334	0.029999999999972715	trials	port_entry
1349.0432333333333	1.810033333333422	trials	port_entry
1361.6432666666667	0.049999999999954525	trials	port_entry
1363.3432666666668	2.1699999999998454	trials	port_entry
1370.4932666666666	3.499900000000025	trials	reward_stimulus_presentation
1371.4933	0.7999666666667054	trials	reward_delivery
1373.5932	0.07006666666666206	trials	port_entry
1373.9032666666667	0.06999999999993634	trials	port_entry
1373.9931666666666	4.100100000000111	trials	port_entry
1423.6233	3.0499999999999545	trials	port_entry
1452.1333333333334	0.08996666666666897	trials	port_entry
1453.2633333333333	0.19000000000005457	trials	port_entry
1453.7433333333333	0.19000000000005457	trials	port_entry
1453.9733333333334	1.1099999999999	trials	port_entry
1456.9833333333333	0.19000000000005457	trials	port_entry
1457.2033333333334	0.42000000000007276	trials	port_entry
1460.4933333333333	20.001333333333378	trials	shock_stimulus_presentation
1480.2933333333333	0.2999999999999545	trials	shock_relay
1525.3033666666668	0.09999999999990905	trials	port_entry
1525.5534	0.08996666666666897	trials	port_entry
1525.9534	2.4899666666665325	trials	port_entry
1545.4934	20.0	trials	neutral_stimulus_presentation
1558.6833666666666	0.17003333333332193	trials	port_entry
1558.9134	0.10000000000013642	trials	port_entry
1625.9034333333334	0.13999999999987267	trials	port_entry
1626.1134333333334	1.9199999999998454	trials	port_entry
1635.4935	20.00093333333325	trials	shock_stimulus_presentation
1643.6633666666667	0.07996666666667807	trials	port_entry
1655.2934666666667	0.2999999999999545	trials	shock_relay
1670.2434666666668	0.07999999999992724	trials	port_entry
1713.0135333333333	0.14996666666684177	trials	port_entry
1713.1834666666666	0.6500333333333401	trials	port_entry
1730.4935666666668	20.0012999999999	trials	shock_stimulus_presentation
1750.2935333333332	0.29996666666670535	trials	shock_relay
1767.3234666666667	0.060033333333194605	trials	port_entry
1767.5535666666667	0.6499666666666144	trials	port_entry
1788.6435000000001	0.25006666666649835	trials	port_entry
1789.0135	0.020033333333230985	trials	port_entry
1789.1435666666666	0.01999999999998181	trials	port_entry
1789.1936	0.029933333333246992	trials	port_entry
1807.8435333333334	0.05999999999994543	trials	port_entry
1820.4936	20.00003333333325	trials	neutral_stimulus_presentation
1821.4836	0.20000000000004547	trials	port_entry
1822.3236	0.560033333333422	trials	port_entry
1823.0736666666667	0.06993333333343799	trials	port_entry
1823.2336	0.1000333333333856	trials	port_entry
1841.4736	0.049999999999954525	trials	port_entry
1843.1036	0.15003333333334012	trials	port_entry
1843.2936333333334	0.31999999999993634	trials	port_entry
1843.8636000000001	0.2600333333332401	trials	port_entry
1844.1636333333333	0.2699999999999818	trials	port_entry
1858.0536	0.04003333333344017	trials	port_entry
1858.2536	2.6200333333333674	trials	port_entry
1900.4937	3.7899666666667144	trials	reward_stimulus_presentation
1901.4936666666667	0.7999999999999545	trials	reward_delivery
1903.8836666666666	0.11000000000012733	trials	port_entry
1904.1236666666666	8.310033333333422	trials	port_entry
1986.5337333333334	0.12999999999988177	trials	port_entry
1986.6837333333333	0.44000000000005457	trials	port_entry
1990.4937333333335	20.0	trials	neutral_stimulus_presentation
2046.5038000000002	0.10999999999967258	trials	port_entry
2046.6838	0.07996666666667807	trials	port_entry
2059.8237999999997	0.16000000000030923	trials	port_entry
2061.7637999999997	0.9099666666666053	trials	port_entry
2090.493833333333	19.99996666666675	trials	neutral_stimulus_presentation
2102.773833333333	0.059966666666696256	trials	port_entry
2103.103833333333	1.2400000000002365	trials	port_entry
2137.6538666666665	0.05999999999994543	trials	port_entry
2137.763833333333	0.08003333333363116	trials	port_entry
2138.0738666666666	0.6099999999996726	trials	port_entry
2142.6938666666665	0.03999999999996362	trials	port_entry
2142.7938666666664	0.13999999999987267	trials	port_entry
2143.0938666666666	0.04999999999972715	trials	port_entry
2143.2038666666663	0.2300000000000182	trials	port_entry
2144.2738666666664	0.01999999999998181	trials	port_entry
2180.4939	20.00093333333325	trials	shock_stimulus_presentation
2200.2938999999997	0.3000000000001819	trials	shock_relay
2205.4239	0.09000000000014552	trials	port_entry
2270.493933333333	1.8299999999999272	trials	reward_stimulus_presentation
2271.493933333333	0.7999999999997272	trials	reward_delivery
2271.923933333333	0.1800333333335402	trials	port_entry
2272.1239333333333	0.18003333333308547	trials	port_entry
2272.3439666666663	5.5300000000002	trials	port_entry
2286.113933333333	0.09999999999990905	trials	port_entry
2286.283933333333	3.87003333333314	trials	port_entry
2304.4039666666663	2.4900000000002365	trials	port_entry
2345.154	2.1599999999998545	trials	port_entry
2360.4939999999997	2.0799999999999272	trials	reward_stimulus_presentation
2361.4939999999997	0.8000000000001819	trials	reward_delivery
2362.174	5.859999999999673	trials	port_entry
2375.0339999999997	0.1800333333335402	trials	port_entry
2375.264033333333	0.06000000000040018	trials	port_entry
2444.9741	0.30999999999994543	trials	port_entry
2445.4941	20.0	trials	neutral_stimulus_presentation
2501.334033333333	0.0601000000001477	trials	port_entry
2501.8241	0.19003333333330374	trials	port_entry
2502.0641333333333	0.8899333333333743	trials	port_entry
2510.7141666666666	0.1499999999996362	trials	port_entry
2515.194133333333	0.12003333333359478	trials	port_entry
2535.494133333333	1.4400000000000546	trials	reward_stimulus_presentation
2536.4941	0.799966666666478	trials	reward_delivery
2536.5341666666664	5.760000000000218	trials	port_entry
2587.7841	1.9701333333332514	trials	port_entry
2620.424233333333	0.09000000000014552	trials	port_entry
2620.5542333333333	1.9699999999998	trials	port_entry
2630.4942666666666	4.25	trials	reward_stimulus_presentation
2631.4942333333333	0.7999999999997272	trials	reward_delivery
2634.3441666666663	0.10010000000011132	trials	port_entry
2634.5142666666666	0.019966666666732635	trials	port_entry
2634.5542333333333	4.589966666666442	trials	port_entry
2661.964233333333	0.08003333333317642	trials	port_entry
2694.8442999999997	0.11993333333339251	trials	port_entry
2695.6043	0.3899333333333743	trials	port_entry
2696.1142999999997	0.07000000000016371	trials	port_entry
2696.2843	0.2199999999997999	trials	port_entry
2696.9343	0.019966666666732635	trials	port_entry
2697.644233333333	0.01999999999998181	trials	port_entry
2698.1942999999997	0.680000000000291	trials	port_entry
2699.0343	0.059966666666696256	trials	port_entry
2700.0942999999997	0.03999999999996362	trials	port_entry
2701.3742666666662	0.07000000000016371	trials	port_entry
2701.8942666666667	0.03999999999996362	trials	port_entry
2702.5442666666663	0.04003333333366754	trials	port_entry
2702.6043	0.019933333333028713	trials	port_entry
2720.4943	20.00093333333325	trials	shock_stimulus_presentation
2740.2943333333333	0.2999333333332288	trials	shock_relay
2766.3343666666665	0.13000000000010914	trials	port_entry
2800.4943999999996	19.99996666666675	trials	neutral_stimulus_presentation
2856.7744	0.07996666666667807	trials	port_entry
2856.9444	1.7199999999998	trials	port_entry
2874.4243666666666	0.01999999999998181	trials	port_entry
2874.564433333333	0.04993333333368355	trials	port_entry
2874.6543666666666	0.02006666666648016	trials	port_entry
2875.854333333333	0.4200999999998203	trials	port_entry
2876.3643666666667	1.8800666666666075	trials	port_entry
2890.4944333333333	19.999966666666296	trials	neutral_stimulus_presentation
2914.4444999999996	0.019900000000234286	trials	port_entry
2985.4044999999996	0.4100333333335584	trials	port_entry
2990.4945666666663	20.000833333333503	trials	shock_stimulus_presentation
3010.2945666666665	0.3000000000001819	trials	shock_relay
3080.4946333333332	20.0	trials	neutral_stimulus_presentation
3090.354533333333	0.2801333333331968	trials	port_entry
3139.2546666666663	0.14990000000034343	trials	port_entry
3139.5146666666665	0.05999999999994543	trials	port_entry
3170.4946999999997	4.170000000000073	trials	reward_stimulus_presentation
3171.4946999999997	0.8000000000001819	trials	reward_delivery
3174.2646999999997	5.309999999999945	trials	port_entry
3260.4947666666662	20.000833333333503	trials	shock_stimulus_presentation
3273.9447666666665	0.1999999999998181	trials	port_entry
3280.2947666666664	0.3000000000001819	trials	shock_relay
3345.494833333333	5.059999999999945	trials	reward_stimulus_presentation
3346.4948	0.8000333333329763	trials	reward_delivery
3350.154833333333	0.09000000000014552	trials	port_entry
3350.3548333333333	3.2899999999999636	trials	port_entry
3435.4948999999997	4.75	trials	reward_stimulus_presentation
3436.4948666666664	0.8000000000001819	trials	reward_delivery
3439.8448999999996	0.2600000000002183	trials	port_entry
3440.1549	0.02999999999974534	trials	port_entry
3440.2349	0.07999999999992724	trials	port_entry
3440.3349	3.130000000000109	trials	port_entry
3465.6249	0.1100333333333765	trials	port_entry
3502.1749666666665	2.0700000000001637	trials	port_entry
3521.665	0.08999999999969077	trials	port_entry
3521.855	0.04996666666647798	trials	port_entry
3530.015	0.03999999999996362	trials	port_entry
3530.495	1.569999999999709	trials	reward_stimulus_presentation
3531.495	0.7999999999997272	trials	reward_delivery
3531.665	0.06999999999970896	trials	port_entry
3531.7749999999996	5.5	trials	port_entry
3540.2749999999996	1.9500000000002728	trials	port_entry
3542.4249999999997	0.05999999999994543	trials	port_entry
3542.5049999999997	0.5399999999999636	trials	port_entry
3543.4649999999997	0.03000000000020009	trials	port_entry
3606.4350666666664	1.9200000000000728	trials	port_entry
3620.4950666666664	20.0011333333332	trials	shock_stimulus_presentation
3637.9750999999997	0.17000000000007276	trials	port_entry
3638.2850999999996	0.11000000000012733	trials	port_entry
3640.2950666666666	0.29999999999972715	trials	shock_relay
3700.4951666666666	2.4799666666663143	trials	reward_stimulus_presentation
3701.4951333333333	0.7999999999997272	trials	reward_delivery
3702.5751333333333	4.429999999999836	trials	port_entry
3730.4751666666666	0.01999999999998181	trials	port_entry
3733.3650666666663	0.01999999999998181	trials	port_entry
3733.5650666666666	0.029966666666496167	trials	port_entry
3733.615033333333	0.25	trials	port_entry
3734.2951666666663	0.9599000000002889	trials	port_entry
3735.4550666666664	0.09000000000014552	trials	port_entry
3735.9250666666667	0.299966666666478	trials	port_entry
3746.5651666666663	0.5199999999999818	trials	port_entry
3747.1051666666663	2.2100000000000364	trials	port_entry
3757.5851666666663	0.03000000000020009	trials	port_entry
3757.7050999999997	0.030099999999947613	trials	port_entry
3757.9451666666664	0.1800333333335402	trials	port_entry
3759.8052	0.05999999999994543	trials	port_entry
3759.9552	0.04999999999972715	trials	port_entry
3765.8552	0.01999999999998181	trials	port_entry
3767.6852	0.11999999999989086	trials	port_entry
3770.2252	0.17000000000007276	trials	port_entry
3770.5551666666665	0.49003333333348564	trials	port_entry
3771.1751999999997	0.03999999999996362	trials	port_entry
3771.7852	0.03000000000020009	trials	port_entry
3772.1351999999997	0.16000000000030923	trials	port_entry
3772.5652	0.33999999999969077	trials	port_entry
3790.495233333333	20.0	trials	neutral_stimulus_presentation
3796.5452	2.4300333333330855	trials	port_entry
3810.015233333333	0.2899999999999636	trials	port_entry
3849.6952666666666	0.10993333333317423	trials	port_entry
3849.905233333333	0.3600333333333765	trials	port_entry
3850.605233333333	0.1100333333333765	trials	port_entry
3890.4952999999996	20.001133333333655	trials	shock_stimulus_presentation
3910.2952999999998	0.3000000000001819	trials	shock_relay
3912.9152999999997	0.7200000000002547	trials	port_entry
3925.2753	0.10003333333315823	trials	port_entry
3936.095333333333	0.3400000000001455	trials	port_entry
3958.165333333333	0.04000000000041837	trials	port_entry
3959.6553666666664	0.2999666666669327	trials	port_entry
3960.625333333333	0.4600000000000364	trials	port_entry
3980.4952999999996	20.000033333333704	trials	neutral_stimulus_presentation
3981.8353666666667	2.7199999999998	trials	port_entry
4005.1054	0.6199999999998909	trials	port_entry
4006.5953999999997	0.07999999999992724	trials	port_entry
4009.8653999999997	0.01999999999998181	trials	port_entry
4010.5353999999998	0.01999999999998181	trials	port_entry
4010.5753999999997	0.22000000000025466	trials	port_entry
4010.9753333333333	0.640066666666371	trials	port_entry
4011.7554	0.05993333333299233	trials	port_entry
4011.8954	0.04999999999972715	trials	port_entry
4012.0753999999997	0.0500000000001819	trials	port_entry
4012.1454	0.38999999999987267	trials	port_entry
4012.7554	0.01999999999998181	trials	port_entry
4018.7453333333333	0.07009999999991123	trials	port_entry
4019.0553999999997	0.13000000000010914	trials	port_entry
4019.5454	0.019966666666277888	trials	port_entry
4022.0654	0.019966666666732635	trials	port_entry
4022.1053666666667	0.04999999999972715	trials	port_entry
4022.3754	0.650000000000091	trials	port_entry
4024.0654	0.029933333333246992	trials	port_entry
4024.115333333333	0.09006666666664387	trials	port_entry
4024.2253666666666	0.01999999999998181	trials	port_entry
4026.4953333333333	0.1700666666665711	trials	port_entry
4033.3253999999997	0.01999999999998181	trials	port_entry
4035.3954	0.17000000000007276	trials	port_entry
4035.8053999999997	1.3100000000004002	trials	port_entry
4070.4954666666667	4.009999999999309	trials	reward_stimulus_presentation
4071.4954666666667	0.7999999999992724	trials	reward_delivery
4074.1054666666664	0.06999999999970896	trials	port_entry
4074.4454666666666	0.17000000000007276	trials	port_entry
4074.635466666666	3.490000000000691	trials	port_entry
4151.105533333333	0.06000000000040018	trials	port_entry
4160.495533333334	1.930000000000291	trials	reward_stimulus_presentation
4161.495533333334	0.8000000000001819	trials	reward_delivery
4162.025533333333	0.22000000000025466	trials	port_entry
4162.285533333334	4.739999999999782	trials	port_entry
4245.4956	2.3299999999999272	trials	reward_stimulus_presentation
4246.4956	0.8000000000001819	trials	reward_delivery
4247.4256000000005	0.36999999999989086	trials	port_entry
4247.8356	4.569999999999709	trials	port_entry
4258.6856333333335	1.449999999999818	trials	port_entry
4335.495666666667	20.001733333333505	trials	shock_stimulus_presentation
4355.295700000001	0.2999999999992724	trials	shock_relay
4363.5357	2.4799999999995634	trials	port_entry
4420.3257	0.07996666666622332	trials	port_entry
4430.495766666667	3.619999999999891	trials	reward_stimulus_presentation
4431.495766666667	0.8000000000001819	trials	reward_delivery
4433.715766666667	3.299933333332774	trials	port_entry
4520.495833333333	2.1400000000003274	trials	reward_stimulus_presentation
4521.495800000001	0.7999999999992724	trials	reward_delivery
4522.235833333333	0.14000000000032742	trials	port_entry
4522.4158333333335	4.500033333333704	trials	port_entry
4598.625933333334	0.05999999999949068	trials	port_entry
4598.705933333334	2.119966666666187	trials	port_entry
4600.495833333333	1.0500333333338858	trials	reward_stimulus_presentation
4601.1459	6.34003333333294	trials	port_entry
4601.495833333333	0.8000000000001819	trials	reward_delivery
4607.5559	0.6500333333333401	trials	port_entry
4622.055933333334	2.089999999999236	trials	port_entry
4624.3259333333335	1.180000000000291	trials	port_entry
4643.955966666667	2.6899999999996	trials	port_entry
4654.325966666667	2.769999999999527	trials	port_entry
4690.496	2.7600000000002183	trials	reward_stimulus_presentation
4691.496	0.8000000000001819	trials	reward_delivery
4692.856000000001	0.13999999999941792	trials	port_entry
4693.0560000000005	0.019999999999527063	trials	port_entry
4693.106000000001	0.10999999999967258	trials	port_entry
4693.276	4.289999999999964	trials	port_entry
4706.006	0.59003333333294	trials	port_entry
4707.206	0.3600333333333765	trials	port_entry
4772.706066666667	0.1000000000003638	trials	port_entry
4772.836066666667	1.9099999999998545	trials	port_entry
4790.496066666667	20.00136666666731	trials	shock_stimulus_presentation
4810.2961000000005	0.3000000000001819	trials	shock_relay
4880.496166666667	9.470000000000255	trials	reward_stimulus_presentation
4881.496133333334	0.7999999999992724	trials	reward_delivery
4889.5661666666665	3.850000000000364	trials	port_entry
4905.626166666667	0.04003333333366754	trials	port_entry
4905.7762	1.699999999999818	trials	port_entry
4967.656233333333	0.16000000000076398	trials	port_entry
4967.836200000001	0.04996666666647798	trials	port_entry
4967.9362	2.2400333333334856	trials	port_entry
4970.496233333333	20.000033333333704	trials	neutral_stimulus_presentation
4980.5062333333335	1.4100333333335584	trials	port_entry
4982.0462333333335	1.4300333333330855	trials	port_entry
4984.306233333334	2.080033333333631	trials	port_entry
4989.236266666667	0.930000000000291	trials	port_entry
5060.4963333333335	20.001333333333605	trials	shock_stimulus_presentation
5080.2963	0.3000333333338858	trials	shock_relay
5126.066366666667	0.050033333332976326	trials	port_entry
5126.596366666667	0.020000000000436557	trials	port_entry
5145.4964	3.199999999999818	trials	reward_stimulus_presentation
5146.496366666667	0.7999999999992724	trials	reward_delivery
5148.2963666666665	0.09000000000014552	trials	port_entry
5148.566366666667	0.06000000000040018	trials	port_entry
5148.646366666667	0.15999999999985448	trials	port_entry
5148.826366666667	3.7800333333334493	trials	port_entry
5152.6564	0.3400000000001455	trials	port_entry
5193.416433333334	0.1100333333333765	trials	port_entry
5193.596466666667	0.6099999999996726	trials	port_entry
5194.426433333334	1.7000333333326125	trials	port_entry
5198.406466666667	0.13999999999941792	trials	port_entry
5235.4964	20.000100000000202	trials	neutral_stimulus_presentation
5244.4064	0.8601000000007843	trials	port_entry
5245.306500000001	0.029933333333246992	trials	port_entry
5245.6265	0.9600000000000364	trials	port_entry
5246.7065	0.10999999999967258	trials	port_entry
5246.9964666666665	1.700033333333522	trials	port_entry
5253.6165	1.5799999999999272	trials	port_entry
5330.4964666666665	20.000133333333906	trials	neutral_stimulus_presentation
5340.7066	0.11999999999989086	trials	port_entry
5340.856566666667	0.07003333333341288	trials	port_entry
5350.3566	0.11000000000058208	trials	port_entry
5350.506600000001	3.139999999999418	trials	port_entry
5420.496666666667	1.3699999999998909	trials	reward_stimulus_presentation
5421.466633333333	5.3600333333333765	trials	port_entry
5421.496633333333	0.8000000000001819	trials	reward_delivery
5427.526666666667	1.4899666666669873	trials	port_entry
5437.386666666667	1.8699999999998909	trials	port_entry
5465.246700000001	2.0999999999994543	trials	port_entry
5486.916700000001	1.569999999999709	trials	port_entry
5500.496733333333	20.000833333333503	trials	shock_stimulus_presentation
5520.296733333334	0.3000000000001819	trials	shock_relay
5562.826766666667	0.5299999999997453	trials	port_entry
5590.496766666667	1.2300333333332674	trials	reward_stimulus_presentation
5591.3268	5.460000000000036	trials	port_entry
5591.496766666667	0.8000000000001819	trials	reward_delivery
5648.646833333333	1.8500000000003638	trials	port_entry
5666.486866666667	1.7200000000002547	trials	port_entry
5690.4968	20.000033333333704	trials	neutral_stimulus_presentation
5780.496966666667	20.0	trials	neutral_stimulus_presentation
5802.077	0.7499333333335017	trials	port_entry
5802.8669666666665	0.030033333333449264	trials	port_entry
5849.197033333334	0.02989999999954307	trials	port_entry
5870.497033333334	20.001233333332493	trials	shock_stimulus_presentation
5890.297066666667	0.3000000000001819	trials	shock_relay
5960.497133333333	20.0	trials	neutral_stimulus_presentation
6045.497200000001	1.3999999999996362	trials	reward_stimulus_presentation
6046.497166666667	6.300033333332976	trials	port_entry
6046.497166666667	0.8000333333329763	trials	reward_delivery
6052.8372	0.3600000000005821	trials	port_entry
6053.247200000001	1.139999999999418	trials	port_entry
6135.4972333333335	20.001233333333403	trials	shock_stimulus_presentation
6155.2972666666665	0.3000333333338858	trials	shock_relay
6230.4973666666665	2.5600000000004	trials	reward_stimulus_presentation
6231.4973666666665	0.8000000000001819	trials	reward_delivery
6232.657366666667	0.26996666666673264	trials	port_entry
6232.967333333334	4.53003333333254	trials	port_entry
6320.497433333334	20.000033333332794	trials	neutral_stimulus_presentation
6333.917433333334	0.04996666666647798	trials	port_entry
6334.987433333334	0.019999999999527063	trials	port_entry
6365.827466666667	0.07999999999992724	trials	port_entry
6399.217500000001	1.5599999999994907	trials	port_entry
6400.497533333333	1.1999666666670237	trials	reward_stimulus_presentation
6401.297500000001	6.980033333333267	trials	port_entry
6401.4975	0.8000000000001819	trials	reward_delivery
6490.497600000001	5.359999999999673	trials	reward_stimulus_presentation
6491.497566666667	0.8000333333329763	trials	reward_delivery
6495.457600000001	3.569999999999709	trials	port_entry
6553.3076	0.059966666666696256	trials	port_entry
6553.477566666667	2.6800333333330855	trials	port_entry
6556.187666666667	0.34993333333386545	trials	port_entry
6571.477666666667	0.0500000000001819	trials	port_entry
6583.647666666667	1.2100000000000364	trials	port_entry
6590.4977	20.00176666666721	trials	shock_stimulus_presentation
6610.297666666667	0.2999999999992724	trials	shock_relay
6680.497733333334	20.000033333333704	trials	neutral_stimulus_presentation
6699.117766666667	3.2599666666665144	trials	port_entry
6702.397766666667	0.41996666666636884	trials	port_entry
6702.977733333333	0.030000000000654836	trials	port_entry
6703.087733333334	0.25	trials	port_entry
6738.007766666667	0.020033333333230985	trials	port_entry
6744.4278	0.979966666666769	trials	port_entry
6770.497966666667	1.9198333333333721	trials	reward_stimulus_presentation
6771.4978	0.7999333333336835	trials	reward_delivery
6772.0178000000005	5.670000000000073	trials	port_entry
6841.187866666667	3.1600333333335584	trials	port_entry
6860.4979	4.519999999999527	trials	reward_stimulus_presentation
6861.4979	0.8000000000001819	trials	reward_delivery
6864.6179	0.020000000000436557	trials	port_entry
6864.6879	0.09000000000014552	trials	port_entry
6864.7979000000005	3.819999999999709	trials	port_entry
6945.4980000000005	20.001033333332998	trials	shock_stimulus_presentation
6952.057966666667	0.07996666666622332	trials	port_entry
6952.367966666667	0.019966666666732635	trials	port_entry
6962.018	0.0500000000001819	trials	port_entry
6965.298000000001	0.2999999999992724	trials	shock_relay
6976.118	1.449999999999818	trials	port_entry
6991.448	0.700033333333522	trials	port_entry
6992.198	0.02999999999974534	trials	port_entry
6992.2480000000005	0.030033333333449264	trials	port_entry
6992.318	0.3299333333334289	trials	port_entry
7009.898033333334	2.2799999999997453	trials	port_entry
7035.498066666667	3.930000000000291	trials	reward_stimulus_presentation
7036.498033333333	0.8000000000001819	trials	reward_delivery
7039.028066666667	3.8100000000004	trials	port_entry
7115.468033333334	0.050033333332976326	trials	port_entry
7130.498066666667	1.0800333333336312	trials	reward_stimulus_presentation
7131.1781	6.600033333333158	trials	port_entry
7131.498066666667	0.8000000000001819	trials	reward_delivery
7143.738133333333	1.050000000000182	trials	port_entry
7144.828133333333	0.13003333333381306	trials	port_entry
7145.078133333333	0.47000000000025466	trials	port_entry
7220.4981333333335	20.001033333332998	trials	shock_stimulus_presentation
7238.6582	0.10996666666687815	trials	port_entry
7239.2982	0.6599999999998545	trials	port_entry
7240.038233333334	0.06996666666691453	trials	port_entry
7240.2082	0.0500000000001819	trials	port_entry
7240.298133333334	0.3000000000001819	trials	shock_relay
7290.518266666667	0.1499999999996362	trials	port_entry
7290.888266666667	0.19000000000050932	trials	port_entry
7300.4982666666665	1.709966666667242	trials	reward_stimulus_presentation
7301.498233333334	0.8000000000001819	trials	reward_delivery
7301.808233333333	5.840033333333849	trials	port_entry
7325.298266666667	0.060033333333194605	trials	port_entry
7325.598266666667	0.08003333333363116	trials	port_entry
7325.8583	0.020000000000436557	trials	port_entry
7325.9183	0.059966666666696256	trials	port_entry
7326.028266666667	0.3100333333331946	trials	port_entry
7326.548266666667	0.04003333333366754	trials	port_entry
7326.7082666666665	0.020000000000436557	trials	port_entry
7327.138266666667	0.050033333332976326	trials	port_entry
7327.488266666667	0.019966666666732635	trials	port_entry
7327.5882	0.020000000000436557	trials	port_entry
7331.8883000000005	0.21000000000003638	trials	port_entry
7332.228233333333	0.16996666666727833	trials	port_entry
7332.6382	0.3200333333334129	trials	port_entry
7333.908266666667	0.020033333333230985	trials	port_entry
7335.0382	0.019966666666732635	trials	port_entry
7335.218233333334	0.02999999999974534	trials	port_entry
7340.268266666667	0.050033333332976326	trials	port_entry
7342.848300000001	0.019999999999527063	trials	port_entry
7342.9483	0.1000000000003638	trials	port_entry
7343.308300000001	0.1499999999996362	trials	port_entry
7343.808300000001	0.1499999999996362	trials	port_entry
7344.4183	0.06000000000040018	trials	port_entry
7344.5683	0.020000000000436557	trials	port_entry
7344.8183	0.20996666666724195	trials	port_entry
7350.9583	0.14000000000032742	trials	port_entry
7351.1183	0.13000000000010914	trials	port_entry
7355.8283	0.4600000000000364	trials	port_entry
7357.2183	0.020033333333230985	trials	port_entry
7357.2983	0.02999999999974534	trials	port_entry
7358.7583	0.3000000000001819	trials	port_entry
7369.358333333334	0.019900000000234286	trials	port_entry
7370.0883	0.19003333333330374	trials	port_entry
7371.358333333334	0.0899666666664416	trials	port_entry
7371.5182	0.020099999999729334	trials	port_entry
7371.6883	0.38000000000010914	trials	port_entry
7378.078333333334	0.06996666666600504	trials	port_entry
7383.3883000000005	0.019999999999527063	trials	port_entry
7383.428266666667	0.21006666666653473	trials	port_entry
7384.028333333334	0.019999999999527063	trials	port_entry
7384.6583	0.019966666666732635	trials	port_entry
7390.498366666667	20.0	trials	neutral_stimulus_presentation
7392.288333333334	0.02999999999974534	trials	port_entry
7405.138366666667	0.21000000000003638	trials	port_entry
7442.368366666667	0.06000000000040018	trials	port_entry
7490.4984	3.1800333333330855	trials	reward_stimulus_presentation
7491.4984	0.8000000000001819	trials	reward_delivery
7493.278433333334	0.10999999999967258	trials	port_entry
7493.618433333334	0.12999999999919964	trials	port_entry
7493.7784	0.1899666666668054	trials	port_entry
7493.9883666666665	4.0600666666668985	trials	port_entry
7526.668466666667	0.27999999999974534	trials	port_entry
7532.488466666667	0.14000000000032742	trials	port_entry
7542.358466666667	0.5700000000006185	trials	port_entry
7543.488466666667	1.059900000000198	trials	port_entry
7546.288466666667	1.000033333333704	trials	port_entry
7547.368466666667	0.0500000000001819	trials	port_entry
7580.498433333333	2.8100666666668985	trials	reward_stimulus_presentation
7581.498433333333	0.8000000000001819	trials	reward_delivery
7582.908466666667	0.029966666666950914	trials	port_entry
7583.1085	4.329933333333429	trials	port_entry
7638.208533333333	0.07996666666713281	trials	port_entry
7638.3485	2.2200333333339586	trials	port_entry
7670.4986	20.0	trials	neutral_stimulus_presentation
7679.2886	0.17000000000007276	trials	port_entry
7679.478566666667	1.0599666666666963	trials	port_entry
7684.6886	0.1499999999996362	trials	port_entry
7684.9186	0.029966666666950914	trials	port_entry
7685.0086	0.019933333333028713	trials	port_entry
7685.0486	0.4099999999998545	trials	port_entry
7686.0786	0.09996666666665988	trials	port_entry
7686.3886	0.6599999999998545	trials	port_entry
7687.3486	0.06000000000040018	trials	port_entry
7691.778600000001	0.3899999999994179	trials	port_entry
7760.498666666667	20.0009666666665	trials	shock_stimulus_presentation
7780.298666666667	0.3000000000001819	trials	shock_relay
7845.498733333334	1.4699999999993452	trials	reward_stimulus_presentation
7846.498733333334	0.8000000000001819	trials	reward_delivery
7846.5687333333335	0.0500000000001819	trials	port_entry
7846.868733333334	6.369999999999891	trials	port_entry
7856.6687	0.10003333333315823	trials	port_entry
7931.968833333333	0.08996666666735109	trials	port_entry
7932.2588000000005	2.649999999999636	trials	port_entry
7935.498766666667	20.001666666667006	trials	shock_stimulus_presentation
7937.2688	0.10003333333406772	trials	port_entry
7937.4188	1.8999999999996362	trials	port_entry
7955.2988000000005	0.3000333333329763	trials	shock_relay
7958.148833333334	0.25	trials	port_entry
7958.4188	1.3800333333329036	trials	port_entry
8020.7889000000005	0.05999999999949068	trials	port_entry
8021.0789	0.13000000000010914	trials	port_entry
8030.498933333333	1.3999666666668418	trials	reward_stimulus_presentation
8031.4989000000005	0.8000000000001819	trials	reward_delivery
8031.4989000000005	0.06999999999970896	trials	port_entry
8031.958866666667	5.280033333333449	trials	port_entry
8092.068966666667	0.020000000000436557	trials	port_entry
8101.758966666667	0.10999999999967258	trials	port_entry
8101.888966666667	0.0999999999994543	trials	port_entry
8104.738966666667	0.020000000000436557	trials	port_entry
8104.928966666667	0.1999999999998181	trials	port_entry
8106.998966666667	0.07999999999992724	trials	port_entry
8107.128900000001	0.06006666666598903	trials	port_entry
8107.208966666667	0.02999999999974534	trials	port_entry
8107.298966666667	0.029933333333246992	trials	port_entry
8108.898966666667	0.11993333333339251	trials	port_entry
8109.538966666667	0.12996666666640522	trials	port_entry
8116.958966666667	0.07999999999992724	trials	port_entry
8117.698966666667	0.07993333333342889	trials	port_entry
8120.498966666667	20.000033333332794	trials	neutral_stimulus_presentation
8121.2289	0.03999999999996362	trials	port_entry
8121.4689	0.020066666666934907	trials	port_entry
8124.608966666667	0.03999999999996362	trials	port_entry
8125.448966666667	0.029933333333246992	trials	port_entry
8128.408966666667	0.02999999999974534	trials	port_entry
8128.599	0.21000000000003638	trials	port_entry
8129.358966666667	0.03999999999996362	trials	port_entry
8129.849	0.019900000000234286	trials	port_entry
8139.398999999999	0.11000000000058208	trials	port_entry
8149.859	0.06999999999970896	trials	port_entry
8150.058966666667	0.019966666666732635	trials	port_entry
8150.219000000001	0.039999999999054126	trials	port_entry
8150.3189999999995	0.1400000000012369	trials	port_entry
8200.499066666667	5.569999999999709	trials	reward_stimulus_presentation
8201.499033333334	0.7999999999992724	trials	reward_delivery
8205.669066666667	0.049999999999272404	trials	port_entry
8205.909066666667	4.25	trials	port_entry
8256.1891	0.059900000000197906	trials	port_entry
8257.3991	0.10996666666687815	trials	port_entry
8271.589100000001	0.049999999999272404	trials	port_entry
8275.0691	0.020000000000436557	trials	port_entry
8275.389066666667	0.8400333333338494	trials	port_entry
8276.2691	0.019933333334847703	trials	port_entry
8277.0791	0.7099999999991269	trials	port_entry
8277.8191	2.4099999999998545	trials	port_entry
8280.5691	0.10999999999876309	trials	port_entry
8288.599133333333	0.18993333333310147	trials	port_entry
8288.8091	0.8400333333338494	trials	port_entry
8290.499066666667	1.3200666666671168	trials	reward_stimulus_presentation
8291.419133333333	5.949966666667024	trials	port_entry
8291.4991	0.7999666666655685	trials	reward_delivery
8317.999133333333	0.07000000000152795	trials	port_entry
8318.169133333333	1.680000000000291	trials	port_entry
8370.2192	0.050000000001091394	trials	port_entry
8372.1592	1.7100000000009459	trials	port_entry
8390.499133333333	20.00010000000111	trials	neutral_stimulus_presentation
8412.599233333334	0.7199999999993452	trials	port_entry
8413.499233333334	1.6499666666659323	trials	port_entry
8462.959200000001	2.9100333333317394	trials	port_entry
8479.4192	0.27013333333343326	trials	port_entry
8479.959266666667	0.030000000000654836	trials	port_entry
8480.4993	4.710000000000946	trials	reward_stimulus_presentation
8481.499266666668	0.7999999999992724	trials	reward_delivery
8484.809266666667	4.100033333332249	trials	port_entry
8499.039266666667	2.290000000000873	trials	port_entry
8523.1593	0.30996666666760575	trials	port_entry
8523.6693	0.18993333333492046	trials	port_entry
8560.109366666667	0.16996666666636884	trials	port_entry
8570.499366666667	20.000866666667207	trials	shock_stimulus_presentation
8590.299366666666	0.3000333333347953	trials	shock_relay
8595.5694	2.209999999999127	trials	port_entry
8635.039433333333	0.029966666666950914	trials	port_entry
8635.089433333334	0.029999999998835847	trials	port_entry
8635.239433333334	0.08993333333273767	trials	port_entry
8635.349366666667	0.029966666666950914	trials	port_entry
8660.499466666666	3.1599999999998545	trials	reward_stimulus_presentation
8661.499433333334	0.7999999999992724	trials	reward_delivery
8663.259433333333	0.4000333333333401	trials	port_entry
8663.679433333333	4.420000000000073	trials	port_entry
8670.199466666667	1.1599999999998545	trials	port_entry
8715.2295	0.1000000000003638	trials	port_entry
8745.499533333334	5.290000000000873	trials	reward_stimulus_presentation
8746.4995	0.8000000000010914	trials	reward_delivery
8750.389500000001	4.959966666665423	trials	port_entry
8757.159533333333	0.8799333333336108	trials	port_entry
8758.6995	0.14003333333312185	trials	port_entry
8792.059533333333	0.13003333333472256	trials	port_entry
8835.499600000001	20.000666666666802	trials	shock_stimulus_presentation
8855.2996	0.29993333333368355	trials	shock_relay
8916.189666666667	0.20996666666724195	trials	port_entry
8930.499666666667	1.5200000000004366	trials	reward_stimulus_presentation
8931.499666666667	0.7999333333336835	trials	reward_delivery
8931.619666666667	6.109999999998763	trials	port_entry
8943.539666666667	1.0399999999990541	trials	port_entry
8945.159666666666	0.040000000000873115	trials	port_entry
8945.6297	0.05996666666760575	trials	port_entry
8963.9897	1.0200000000004366	trials	port_entry
8965.0897	1.069999999999709	trials	port_entry
8966.2297	0.2600000000002183	trials	port_entry
8966.5497	0.4000000000014552	trials	port_entry
9010.459733333333	0.1600333333335584	trials	port_entry
9020.499733333334	20.001500000000306	trials	shock_stimulus_presentation
9034.739766666667	0.06999999999970896	trials	port_entry
9035.679766666666	0.17000000000007276	trials	port_entry
9036.319766666667	0.26999999999861757	trials	port_entry
9036.749766666668	0.20999999999912689	trials	port_entry
9040.299766666667	0.2999999999992724	trials	shock_relay
9100.499833333333	1.5100000000002183	trials	reward_stimulus_presentation
9101.499766666668	0.8000666666666802	trials	reward_delivery
9101.6098	8.53003333333254	trials	port_entry
9126.429866666667	0.2698999999993248	trials	port_entry
9134.129866666666	0.22000000000116415	trials	port_entry
9144.979866666667	0.17000000000007276	trials	port_entry
9145.249866666667	0.32999999999992724	trials	port_entry
9146.089866666667	0.3500000000003638	trials	port_entry
9181.1999	0.18000000000029104	trials	port_entry
9181.4799	0.46999999999934516	trials	port_entry
9190.4999	20.000033333333704	trials	neutral_stimulus_presentation
9199.6499	0.7300333333332674	trials	port_entry
9214.419933333334	0.37999999999919964	trials	port_entry
9234.0799	0.2700666666660254	trials	port_entry
9251.009966666667	0.22999999999956344	trials	port_entry
9290.5	4.389999999999418	trials	reward_stimulus_presentation
9291.5	0.7999666666673875	trials	reward_delivery
9294.49	0.3500000000003638	trials	port_entry
9294.8599	4.45010000000002	trials	port_entry
9299.41	0.030000000000654836	trials	port_entry
9357.530033333334	1.7699666666667326	trials	port_entry
9363.84	0.23003333333326736	trials	port_entry
9380.500066666667	6.979900000000271	trials	reward_stimulus_presentation
9381.5	0.8000333333329763	trials	reward_delivery
9387.079966666666	4.520066666667844	trials	port_entry
9418.7401	0.26999999999861757	trials	port_entry
9470.500133333333	1.9000333333333401	trials	reward_stimulus_presentation
9471.500133333333	0.7999333333336835	trials	reward_delivery
9472.000166666667	5.539966666667169	trials	port_entry
9479.970133333334	0.3100333333331946	trials	port_entry
9560.500233333334	1.1000000000003638	trials	reward_stimulus_presentation
9561.200266666667	6.209966666667242	trials	port_entry
9561.500233333334	0.7999999999992724	trials	reward_delivery
9645.5003	20.00170000000071	trials	shock_stimulus_presentation
9665.300333333334	0.2999999999992724	trials	shock_relay
9677.250333333333	0.680000000000291	trials	port_entry
9690.310333333333	0.110033333334286	trials	port_entry
9690.740333333333	0.03003333333435876	trials	port_entry
9724.590366666667	0.35003333333224873	trials	port_entry
9735.5003	4.310033333333195	trials	reward_stimulus_presentation
9736.500266666668	0.8001333333322691	trials	reward_delivery
9739.4104	0.07999999999992724	trials	port_entry
9739.8203	4.690100000001621	trials	port_entry
9798.570466666666	0.030000000000654836	trials	port_entry
9830.5005	20.0	trials	neutral_stimulus_presentation
9843.630500000001	0.11999999999898137	trials	port_entry
9900.010533333334	0.4099999999998545	trials	port_entry
9920.500566666668	20.001666666665187	trials	shock_stimulus_presentation
9940.300566666667	0.2999999999992724	trials	shock_relay
10000.500633333333	1.5300000000006548	trials	reward_stimulus_presentation
10001.500633333333	0.8000000000010914	trials	reward_delivery
10001.630633333334	6.269966666666733	trials	port_entry
10086.9907	0.6900000000005093	trials	port_entry
10087.8407	0.029999999998835847	trials	port_entry
10087.900666666666	0.07996666666804231	trials	port_entry
10090.500733333334	2.399999999999636	trials	reward_stimulus_presentation
10091.5007	0.7999999999992724	trials	reward_delivery
10092.5007	0.05999999999949068	trials	port_entry
10092.860700000001	4.680033333332176	trials	port_entry
10138.750733333334	0.10999999999876309	trials	port_entry
10166.350766666666	0.4000333333333401	trials	port_entry
10190.5008	1.3700000000008004	trials	reward_stimulus_presentation
10191.470800000001	5.850033333332249	trials	port_entry
10191.500766666666	0.8000000000010914	trials	reward_delivery
10280.500900000001	20.0009666666665	trials	shock_stimulus_presentation
10300.3009	0.2999999999992724	trials	shock_relay
10363.650966666666	0.23000000000138243	trials	port_entry
10370.501	1.6299666666673147	trials	reward_stimulus_presentation
10371.500966666666	0.8000000000010914	trials	reward_delivery
10371.730966666666	0.040000000000873115	trials	port_entry
10371.881	5.329966666668042	trials	port_entry
10451.831033333334	0.17000000000007276	trials	port_entry
10452.181033333334	0.47999999999956344	trials	port_entry
10452.690966666667	0.2800666666662437	trials	port_entry
10460.501066666668	20.0	trials	neutral_stimulus_presentation
10469.481066666667	2.510033333333922	trials	port_entry
10472.101066666666	0.25	trials	port_entry
10472.371066666667	0.3899999999994179	trials	port_entry
10545.501133333333	6.989933333334193	trials	reward_stimulus_presentation
10546.501133333333	0.8000000000010914	trials	reward_delivery
10552.091133333333	0.17000000000007276	trials	port_entry
10552.301133333334	3.75	trials	port_entry
10571.231133333333	0.18000000000029104	trials	port_entry
10571.781166666668	0.019966666666732635	trials	port_entry
10612.081166666667	0.07999999999992724	trials	port_entry
10635.5012	20.000033333333704	trials	neutral_stimulus_presentation
10648.831166666667	0.14003333333312185	trials	port_entry
10649.0512	0.020000000000436557	trials	port_entry
10650.941200000001	2.6599999999998545	trials	port_entry
10653.621133333334	0.08009999999922002	trials	port_entry
10677.721166666666	1.8499666666666599	trials	port_entry
10730.501266666666	20.001600000001417	trials	shock_stimulus_presentation
10750.301333333333	0.29993333333368355	trials	shock_relay
10785.171333333334	0.680000000000291	trials	port_entry
10820.501366666667	20.000033333333704	trials	neutral_stimulus_presentation
10900.501466666667	20.0011333333332	trials	shock_stimulus_presentation
10914.311466666666	0.1000000000003638	trials	port_entry
10914.571466666666	0.3500000000003638	trials	port_entry
10915.071466666666	0.15999999999985448	trials	port_entry
10920.301466666668	0.29993333333186456	trials	shock_relay
10920.6014	0.3200666666671168	trials	port_entry
10939.791466666667	0.019999999998617568	trials	port_entry
10967.0915	0.030000000000654836	trials	port_entry
10990.501533333334	6.119999999998981	trials	reward_stimulus_presentation
10991.5015	0.7999999999992724	trials	reward_delivery
10996.221533333333	0.06999999999970896	trials	port_entry
10996.471533333333	4.5099000000009255	trials	port_entry
11001.011533333334	0.4699333333319373	trials	port_entry
11030.551466666668	0.05006666666668025	trials	port_entry
11031.221533333333	0.18000000000029104	trials	port_entry
11085.0916	0.14003333333312185	trials	port_entry
11085.2816	0.06999999999970896	trials	port_entry
11085.3716	0.06999999999970896	trials	port_entry
11085.4716	0.47999999999956344	trials	port_entry
11774.0473	0.1001333333333605	trials	phototagging
11775.048833333334	0.10016666666524543	trials	phototagging
11776.0504	0.1001333333333605	trials	phototagging
11777.051933333334	0.10016666666706442	trials	phototagging
11778.053466666666	0.10016666666706442	trials	phototagging
11779.055033333334	0.1001333333333605	trials	phototagging
11780.056566666666	0.1001333333333605	trials	phototagging
11781.0581	0.10016666666706442	trials	phototagging
11782.059666666666	0.1001333333333605	trials	phototagging
11783.0612	0.10016666666706442	trials	phototagging
11784.062733333334	0.10016666666524543	trials	phototagging
11785.0643	0.1001333333333605	trials	phototagging
11796.0813	0.005000000001018634	trials	phototagging
11796.0913	0.005033333332903567	trials	phototagging
11796.101333333334	0.004999999999199645	trials	phototagging
11796.111333333334	0.005033333332903567	trials	phototagging
11796.121366666666	0.005000000001018634	trials	phototagging
11796.131366666667	0.005000000001018634	trials	phototagging
11796.1414	0.004999999999199645	trials	phototagging
11796.1514	0.004999999999199645	trials	phototagging
11796.161433333333	0.005000000001018634	trials	phototagging
11796.171433333333	0.005000000001018634	trials	phototagging
11796.181433333333	0.005033333332903567	trials	phototagging
11796.191466666667	0.004999999999199645	trials	phototagging
11796.201500000001	0.004999999999199645	trials	phototagging
11796.2115	0.005000000001018634	trials	phototagging
11796.2215	0.005000000001018634	trials	phototagging
11796.231533333334	0.004999999999199645	trials	phototagging
11796.241533333334	0.005033333332903567	trials	phototagging
11796.251566666668	0.004999999999199645	trials	phototagging
11796.261566666666	0.005000000001018634	trials	phototagging
11796.2716	0.005000000001018634	trials	phototagging
11796.2816	0.004999999999199645	trials	phototagging
11796.291633333334	0.004999999999199645	trials	phototagging
11796.301633333334	0.004999999999199645	trials	phototagging
11796.311666666666	0.005000000001018634	trials	phototagging
11796.321666666667	0.005000000001018634	trials	phototagging
11796.331666666667	0.005033333332903567	trials	phototagging
11796.3417	0.004999999999199645	trials	phototagging
11796.351700000001	0.005033333332903567	trials	phototagging
11796.361733333333	0.005000000001018634	trials	phototagging
11796.371733333333	0.005000000001018634	trials	phototagging
11806.397233333333	0.010000000000218279	trials	phototagging
11806.497366666666	0.0100333333339222	trials	phototagging
11806.597533333334	0.010000000000218279	trials	phototagging
11806.6977	0.010000000000218279	trials	phototagging
11806.797833333334	0.010033333332103211	trials	phototagging
11806.898000000001	0.00999999999839929	trials	phototagging
11806.998133333334	0.010033333332103211	trials	phototagging
11807.0983	0.0100333333339222	trials	phototagging
11807.198466666667	0.010000000000218279	trials	phototagging
11807.2986	0.0100333333339222	trials	phototagging
11807.398766666667	0.010000000000218279	trials	phototagging
11807.498933333334	0.010000000000218279	trials	phototagging
11807.599066666668	0.010033333332103211	trials	phototagging
11807.699233333333	0.010000000000218279	trials	phototagging
11807.799366666666	0.0100333333339222	trials	phototagging
11807.899533333333	0.0100333333339222	trials	phototagging
11807.9997	0.010000000000218279	trials	phototagging
11808.099833333334	0.0100333333339222	trials	phototagging
11808.2	0.010033333332103211	trials	phototagging
11808.300166666668	0.00999999999839929	trials	phototagging
11808.400300000001	0.010033333332103211	trials	phototagging
11808.500466666666	0.010000000000218279	trials	phototagging
11808.600633333333	0.010000000000218279	trials	phototagging
11808.700766666667	0.0100333333339222	trials	phototagging
11808.800933333334	0.010000000000218279	trials	phototagging
11808.901066666667	0.010033333332103211	trials	phototagging
11809.001233333334	0.010033333332103211	trials	phototagging
11809.1014	0.010000000000218279	trials	phototagging
11809.201533333333	0.0100333333339222	trials	phototagging
11809.3017	0.0100333333339222	trials	phototagging
11819.417333333333	0.005000000001018634	trials	phototagging
11820.418866666667	0.004999999999199645	trials	phototagging
11821.4204	0.005033333332903567	trials	phototagging
11822.421966666667	0.005000000001018634	trials	phototagging
11823.4235	0.004999999999199645	trials	phototagging
11824.425033333333	0.005033333334722556	trials	phototagging
11825.4266	0.004999999999199645	trials	phototagging
11826.428133333333	0.005033333334722556	trials	phototagging
11827.4297	0.004999999999199645	trials	phototagging
11828.431233333333	0.005000000001018634	trials	phototagging
11829.432766666667	0.005033333332903567	trials	phototagging
11830.434333333333	0.005000000001018634	trials	phototagging
11831.435866666667	0.005000000001018634	trials	phototagging
11832.4374	0.005033333332903567	trials	phototagging
11833.438966666667	0.005000000001018634	trials	phototagging
11834.4405	0.004999999999199645	trials	phototagging
11835.442066666667	0.005000000001018634	trials	phototagging
11836.4436	0.004999999999199645	trials	phototagging
11837.445133333333	0.005033333334722556	trials	phototagging
11838.4467	0.004999999999199645	trials	phototagging
11839.448233333334	0.004999999999199645	trials	phototagging
11840.4498	0.004999999999199645	trials	phototagging
11841.451333333334	0.004999999999199645	trials	phototagging
11842.452866666667	0.005000000001018634	trials	phototagging
11843.454433333334	0.004999999999199645	trials	phototagging
11844.455966666666	0.005000000001018634	trials	phototagging
11845.457533333334	0.004999999999199645	trials	phototagging
11846.459066666666	0.005000000001018634	trials	phototagging
11847.4606	0.004999999999199645	trials	phototagging
11848.462166666666	0.005000000001018634	trials	phototagging
11859.479166666666	0.005000000001018634	trials	phototagging
11860.4807	0.005033333332903567	trials	phototagging
11861.482266666668	0.004999999999199645	trials	phototagging
11862.4838	0.005000000001018634	trials	phototagging
11863.485333333334	0.005033333332903567	trials	phototagging
11864.4869	0.005000000001018634	trials	phototagging
11865.488433333334	0.004999999999199645	trials	phototagging
11866.489966666666	0.005033333334722556	trials	phototagging
11867.491533333334	0.004999999999199645	trials	phototagging
11868.493066666668	0.005033333332903567	trials	phototagging
11869.494633333334	0.004999999999199645	trials	phototagging
11870.496166666668	0.004999999999199645	trials	phototagging
11871.4977	0.005033333332903567	trials	phototagging
11872.499266666668	0.004999999999199645	trials	phototagging
11873.5008	0.005000000001018634	trials	phototagging
11874.502366666668	0.004999999999199645	trials	phototagging
11875.5039	0.005000000001018634	trials	phototagging
11876.505433333334	0.005033333332903567	trials	phototagging
11877.507	0.005000000001018634	trials	phototagging
11878.508533333334	0.004999999999199645	trials	phototagging
11879.5101	0.005000000001018634	trials	phototagging
11880.511633333334	0.004999999999199645	trials	phototagging
11881.513166666668	0.005033333332903567	trials	phototagging
11882.514733333333	0.005000000001018634	trials	phototagging
11883.516266666667	0.004999999999199645	trials	phototagging
11884.517833333333	0.005000000001018634	trials	phototagging
11885.519366666667	0.004999999999199645	trials	phototagging
11886.5209	0.005000000001018634	trials	phototagging
11887.522466666667	0.004999999999199645	trials	phototagging
11888.524	0.005000000001018634	trials	phototagging
11899.541000000001	0.010033333332103211	trials	phototagging
11899.641166666666	0.010000000000218279	trials	phototagging
11899.741333333333	0.010000000000218279	trials	phototagging
11899.841466666667	0.0100333333339222	trials	phototagging
11899.941633333334	0.010000000000218279	trials	phototagging
11900.041766666667	0.0100333333339222	trials	phototagging
11900.141933333334	0.010033333332103211	trials	phototagging
11900.2421	0.010000000000218279	trials	phototagging
11900.342233333333	0.0100333333339222	trials	phototagging
11900.4424	0.0100333333339222	trials	phototagging
11900.542566666667	0.010000000000218279	trials	phototagging
11900.6427	0.0100333333339222	trials	phototagging
11900.742866666667	0.010000000000218279	trials	phototagging
11900.843033333334	0.00999999999839929	trials	phototagging
11900.943166666668	0.010033333332103211	trials	phototagging
11901.043333333333	0.010000000000218279	trials	phototagging
11901.143466666666	0.0100333333339222	trials	phototagging
11901.243633333333	0.0100333333339222	trials	phototagging
11901.3438	0.010000000000218279	trials	phototagging
11901.443966666668	0.00999999999839929	trials	phototagging
11901.544100000001	0.00999999999839929	trials	phototagging
11901.644266666666	0.010000000000218279	trials	phototagging
11901.7444	0.0100333333339222	trials	phototagging
11901.844566666667	0.010000000000218279	trials	phototagging
11901.944733333334	0.010000000000218279	trials	phototagging
11902.044866666667	0.0100333333339222	trials	phototagging
11902.145033333334	0.010000000000218279	trials	phototagging
11902.2452	0.010000000000218279	trials	phototagging
11902.345333333333	0.0100333333339222	trials	phototagging
11902.4455	0.010000000000218279	trials	phototagging
11912.5611	0.005033333332903567	trials	phototagging
11913.562666666667	0.005000000001018634	trials	phototagging
11914.5642	0.004999999999199645	trials	phototagging
11915.565733333333	0.005033333334722556	trials	phototagging
11916.5673	0.004999999999199645	trials	phototagging
11917.568833333333	0.005000000001018634	trials	phototagging
11918.5704	0.004999999999199645	trials	phototagging
11919.571933333333	0.005000000001018634	trials	phototagging
11920.573466666667	0.005033333332903567	trials	phototagging
11921.575033333334	0.004999999999199645	trials	phototagging
11922.576566666667	0.005000000001018634	trials	phototagging
11923.5781	0.005033333332903567	trials	phototagging
11924.579666666667	0.005000000001018634	trials	phototagging
11925.5812	0.005033333332903567	trials	phototagging
11926.582766666666	0.005000000001018634	trials	phototagging
11927.5843	0.004999999999199645	trials	phototagging
11928.585833333334	0.005033333332903567	trials	phototagging
11929.5874	0.004999999999199645	trials	phototagging
11930.588933333334	0.004999999999199645	trials	phototagging
11931.5905	0.004999999999199645	trials	phototagging
11932.592033333334	0.004999999999199645	trials	phototagging
11933.593566666666	0.005033333332903567	trials	phototagging
11934.595133333334	0.004999999999199645	trials	phototagging
11935.596666666666	0.005000000001018634	trials	phototagging
11936.598233333334	0.004999999999199645	trials	phototagging
11937.599766666666	0.005000000001018634	trials	phototagging
11938.6013	0.005033333332903567	trials	phototagging
11939.602866666666	0.005000000001018634	trials	phototagging
11940.6044	0.005033333332903567	trials	phototagging
11941.605966666666	0.005000000001018634	trials	phototagging
11952.622966666668	0.004999999999199645	trials	phototagging
11952.632966666666	0.005033333334722556	trials	phototagging
11952.643	0.005000000001018634	trials	phototagging
11952.653	0.004999999999199645	trials	phototagging
11952.663033333334	0.004999999999199645	trials	phototagging
11952.673033333334	0.004999999999199645	trials	phototagging
11952.683066666666	0.005000000001018634	trials	phototagging
11952.693066666667	0.005033333332903567	trials	phototagging
11952.7031	0.004999999999199645	trials	phototagging
11952.7131	0.004999999999199645	trials	phototagging
11952.723133333333	0.005000000001018634	trials	phototagging
11952.733133333333	0.005000000001018634	trials	phototagging
11952.743133333333	0.005033333332903567	trials	phototagging
11952.753166666667	0.004999999999199645	trials	phototagging
11952.763166666668	0.005033333332903567	trials	phototagging
11952.7732	0.005000000001018634	trials	phototagging
11952.7832	0.005000000001018634	trials	phototagging
11952.793233333334	0.004999999999199645	trials	phototagging
11952.803233333334	0.004999999999199645	trials	phototagging
11952.813266666666	0.005000000001018634	trials	phototagging
11952.823266666666	0.005000000001018634	trials	phototagging
11952.833266666667	0.005033333332903567	trials	phototagging
11952.8433	0.004999999999199645	trials	phototagging
11952.8533	0.005033333332903567	trials	phototagging
11952.863333333333	0.005000000001018634	trials	phototagging
11952.873333333333	0.005033333334722556	trials	phototagging
11952.883366666667	0.004999999999199645	trials	phototagging
11952.893366666667	0.004999999999199645	trials	phototagging
11952.903400000001	0.004999999999199645	trials	phototagging
11952.9134	0.005033333334722556	trials	phototagging
11962.938900000001	0.00999999999839929	trials	phototagging
11963.039033333334	0.010033333332103211	trials	phototagging
11963.1392	0.010000000000218279	trials	phototagging
11963.239333333333	0.0100333333339222	trials	phototagging
11963.3395	0.0100333333339222	trials	phototagging
11963.439666666667	0.010000000000218279	trials	phototagging
11963.539833333334	0.010000000000218279	trials	phototagging
11963.639966666668	0.010033333332103211	trials	phototagging
11963.740133333333	0.010000000000218279	trials	phototagging
11963.840266666666	0.0100333333339222	trials	phototagging
11963.940433333333	0.010000000000218279	trials	phototagging
11964.0406	0.010000000000218279	trials	phototagging
11964.140733333334	0.0100333333339222	trials	phototagging
11964.2409	0.010000000000218279	trials	phototagging
11964.341066666668	0.00999999999839929	trials	phototagging
11964.441200000001	0.010033333332103211	trials	phototagging
11964.541366666666	0.010000000000218279	trials	phototagging
11964.641533333333	0.010000000000218279	trials	phototagging
11964.741666666667	0.010000000000218279	trials	phototagging
11964.841833333334	0.010000000000218279	trials	phototagging
11964.941966666667	0.0100333333339222	trials	phototagging
11965.042133333334	0.010033333332103211	trials	phototagging
11965.1423	0.010000000000218279	trials	phototagging
11965.242433333333	0.0100333333339222	trials	phototagging
11965.3426	0.0100333333339222	trials	phototagging
11965.442766666667	0.010000000000218279	trials	phototagging
11965.5429	0.0100333333339222	trials	phototagging
11965.643066666667	0.010000000000218279	trials	phototagging
11965.7432	0.010033333332103211	trials	phototagging
11965.843366666666	0.0100333333339222	trials	phototagging
11975.959	0.1001333333333605	trials	phototagging
11976.960533333333	0.10016666666706442	trials	phototagging
11977.962066666667	0.10016666666706442	trials	phototagging
11978.963633333333	0.1001333333333605	trials	phototagging
11979.965166666667	0.10016666666706442	trials	phototagging
11980.966733333333	0.1001333333333605	trials	phototagging
11981.968266666667	0.10016666666706442	trials	phototagging
11982.9698	0.10016666666706442	trials	phototagging
11983.971366666667	0.1001333333333605	trials	phototagging
11984.9729	0.10016666666706442	trials	phototagging
11985.974466666667	0.1001333333333605	trials	phototagging
11986.976	0.10016666666706442	trials	phototagging
11997.993	0.004999999999199645	trials	phototagging
11998.003033333334	0.004999999999199645	trials	phototagging
11998.013033333333	0.005000000001018634	trials	phototagging
11998.023066666667	0.005000000001018634	trials	phototagging
11998.033066666667	0.004999999999199645	trials	phototagging
11998.0431	0.004999999999199645	trials	phototagging
11998.053100000001	0.004999999999199645	trials	phototagging
11998.0631	0.005033333334722556	trials	phototagging
11998.073133333333	0.005000000001018634	trials	phototagging
11998.083166666667	0.004999999999199645	trials	phototagging
11998.093166666667	0.004999999999199645	trials	phototagging
11998.103166666668	0.004999999999199645	trials	phototagging
11998.1132	0.005000000001018634	trials	phototagging
11998.1232	0.005033333332903567	trials	phototagging
11998.133233333334	0.004999999999199645	trials	phototagging
11998.143233333334	0.004999999999199645	trials	phototagging
11998.153266666666	0.005000000001018634	trials	phototagging
11998.163266666666	0.005000000001018634	trials	phototagging
11998.1733	0.004999999999199645	trials	phototagging
11998.1833	0.004999999999199645	trials	phototagging
11998.193333333333	0.005000000001018634	trials	phototagging
11998.203333333333	0.005000000001018634	trials	phototagging
11998.213333333333	0.005033333332903567	trials	phototagging
11998.223366666667	0.004999999999199645	trials	phototagging
11998.233366666667	0.005033333332903567	trials	phototagging
11998.2434	0.005000000001018634	trials	phototagging
11998.2534	0.005000000001018634	trials	phototagging
11998.263433333334	0.004999999999199645	trials	phototagging
11998.273433333334	0.004999999999199645	trials	phototagging
11998.283466666668	0.004999999999199645	trials	phototagging
12008.308933333334	0.10016666666706442	trials	phototagging
12009.310466666668	0.10016666666524543	trials	phototagging
12010.312033333334	0.1001333333333605	trials	phototagging
12011.313566666668	0.10016666666524543	trials	phototagging
12012.315133333334	0.1001333333333605	trials	phototagging
12013.316666666668	0.10016666666524543	trials	phototagging
12014.3182	0.10016666666706442	trials	phototagging
12015.319766666667	0.1001333333333605	trials	phototagging
12016.3213	0.10016666666706442	trials	phototagging
12017.322866666667	0.1001333333333605	trials	phototagging
12018.3244	0.1001333333333605	trials	phototagging
12019.325933333334	0.10016666666706442	trials	phototagging
12030.342966666667	0.010000000000218279	trials	phototagging
12030.4431	0.0100333333339222	trials	phototagging
12030.543266666667	0.010000000000218279	trials	phototagging
12030.643433333333	0.010000000000218279	trials	phototagging
12030.743566666666	0.0100333333339222	trials	phototagging
12030.843733333333	0.010000000000218279	trials	phototagging
12030.943866666667	0.0100333333339222	trials	phototagging
12031.044033333334	0.010000000000218279	trials	phototagging
12031.1442	0.010000000000218279	trials	phototagging
12031.244333333334	0.010033333332103211	trials	phototagging
12031.344500000001	0.00999999999839929	trials	phototagging
12031.444666666666	0.010000000000218279	trials	phototagging
12031.5448	0.0100333333339222	trials	phototagging
12031.644966666667	0.0100333333339222	trials	phototagging
12031.745133333334	0.010000000000218279	trials	phototagging
12031.845266666667	0.0100333333339222	trials	phototagging
12031.945433333334	0.010000000000218279	trials	phototagging
12032.0456	0.010000000000218279	trials	phototagging
12032.145733333333	0.010000000000218279	trials	phototagging
12032.2459	0.010000000000218279	trials	phototagging
12032.346033333333	0.0100333333339222	trials	phototagging
12032.4462	0.0100333333339222	trials	phototagging
12032.546366666667	0.010000000000218279	trials	phototagging
12032.6465	0.010033333332103211	trials	phototagging
12032.746666666668	0.00999999999839929	trials	phototagging
12032.846833333333	0.010000000000218279	trials	phototagging
12032.946966666666	0.0100333333339222	trials	phototagging
12033.047133333333	0.010000000000218279	trials	phototagging
12033.147266666667	0.0100333333339222	trials	phototagging
12033.247433333334	0.0100333333339222	trials	phototagging
12043.363066666667	0.005000000001018634	trials	phototagging
12044.3646	0.004999999999199645	trials	phototagging
12045.366133333333	0.005033333334722556	trials	phototagging
12046.3677	0.004999999999199645	trials	phototagging
12047.369233333333	0.005000000001018634	trials	phototagging
12048.3708	0.004999999999199645	trials	phototagging
12049.372333333333	0.005000000001018634	trials	phototagging
12050.373866666667	0.005033333332903567	trials	phototagging
12051.375433333333	0.005000000001018634	trials	phototagging
12052.376966666667	0.005033333332903567	trials	phototagging
12053.378533333334	0.004999999999199645	trials	phototagging
12054.380066666667	0.005000000001018634	trials	phototagging
12055.3816	0.005033333332903567	trials	phototagging
12056.383166666667	0.005000000001018634	trials	phototagging
12057.3847	0.004999999999199645	trials	phototagging
12058.386266666666	0.005000000001018634	trials	phototagging
12059.3878	0.004999999999199645	trials	phototagging
12060.389366666666	0.005000000001018634	trials	phototagging
12061.3909	0.004999999999199645	trials	phototagging
12062.392433333334	0.005033333332903567	trials	phototagging
12063.394	0.004999999999199645	trials	phototagging
12064.395533333334	0.004999999999199645	trials	phototagging
12065.3971	0.005000000001018634	trials	phototagging
12066.398633333334	0.004999999999199645	trials	phototagging
12067.4002	0.005000000001018634	trials	phototagging
12068.401733333334	0.004999999999199645	trials	phototagging
12069.403266666666	0.005033333334722556	trials	phototagging
12070.404833333334	0.004999999999199645	trials	phototagging
12071.406366666666	0.005000000001018634	trials	phototagging
12072.407933333334	0.004999999999199645	trials	phototagging
12083.424933333334	0.004999999999199645	trials	phototagging
12084.426466666668	0.005033333332903567	trials	phototagging
12085.428033333334	0.004999999999199645	trials	phototagging
12086.429566666668	0.004999999999199645	trials	phototagging
12087.431133333333	0.004999999999199645	trials	phototagging
12088.432666666668	0.004999999999199645	trials	phototagging
12089.4342	0.005033333334722556	trials	phototagging
12090.435766666667	0.004999999999199645	trials	phototagging
12091.4373	0.005000000001018634	trials	phototagging
12092.438833333334	0.005033333332903567	trials	phototagging
12093.4404	0.005000000001018634	trials	phototagging
12094.441933333334	0.004999999999199645	trials	phototagging
12095.4435	0.005000000001018634	trials	phototagging
12096.445033333333	0.005000000001018634	trials	phototagging
12097.446566666667	0.005033333332903567	trials	phototagging
12098.448133333333	0.005000000001018634	trials	phototagging
12099.449666666667	0.004999999999199645	trials	phototagging
12100.451233333333	0.005000000001018634	trials	phototagging
12101.452766666667	0.004999999999199645	trials	phototagging
12102.4543	0.005033333334722556	trials	phototagging
12103.455866666667	0.004999999999199645	trials	phototagging
12104.457400000001	0.004999999999199645	trials	phototagging
12105.458966666667	0.004999999999199645	trials	phototagging
12106.460500000001	0.004999999999199645	trials	phototagging
12107.462033333333	0.005033333332903567	trials	phototagging
12108.463600000001	0.004999999999199645	trials	phototagging
12109.465133333333	0.005033333332903567	trials	phototagging
12110.4667	0.004999999999199645	trials	phototagging
12111.468233333333	0.005000000001018634	trials	phototagging
12112.469766666667	0.005033333332903567	trials	phototagging
12123.4868	0.010000000000218279	trials	phototagging
12123.586966666668	0.00999999999839929	trials	phototagging
12123.687100000001	0.010033333332103211	trials	phototagging
12123.787266666666	0.010000000000218279	trials	phototagging
12123.887433333333	0.010000000000218279	trials	phototagging
12123.987566666667	0.0100333333339222	trials	phototagging
12124.087733333334	0.010000000000218279	trials	phototagging
12124.187866666667	0.0100333333339222	trials	phototagging
12124.288033333334	0.010033333332103211	trials	phototagging
12124.3882	0.010000000000218279	trials	phototagging
12124.488333333333	0.0100333333339222	trials	phototagging
12124.5885	0.0100333333339222	trials	phototagging
12124.688666666667	0.010000000000218279	trials	phototagging
12124.7888	0.0100333333339222	trials	phototagging
12124.888966666667	0.010033333332103211	trials	phototagging
12124.989133333334	0.00999999999839929	trials	phototagging
12125.089266666668	0.010033333332103211	trials	phototagging
12125.189433333333	0.010000000000218279	trials	phototagging
12125.2896	0.010000000000218279	trials	phototagging
12125.389733333333	0.0100333333339222	trials	phototagging
12125.4899	0.010000000000218279	trials	phototagging
12125.590033333334	0.0100333333339222	trials	phototagging
12125.690200000001	0.010033333332103211	trials	phototagging
12125.790366666666	0.010000000000218279	trials	phototagging
12125.890533333333	0.010000000000218279	trials	phototagging
12125.990666666667	0.010000000000218279	trials	phototagging
12126.090833333334	0.010000000000218279	trials	phototagging
12126.190966666667	0.0100333333339222	trials	phototagging
12126.291133333334	0.010000000000218279	trials	phototagging
12126.391300000001	0.00999999999839929	trials	phototagging
